# baseline: stock software, bench idle + load step
# ecu: 03H906032 / 1037382557 (synthetic, not a real recording)
# dump_sha256: b15590d3f1874ace3125c5d047c09a686db9b8bb498187663539ebab205609b3
# transport: synthetic
time_s,var,value,unit
0.000,B_stend,1.0000,bit
0.000,lamsoni_w,1.0003,-
0.000,nmot_w,780.1664,rpm
0.000,rl_w,16.7406,%
0.000,ti_1_w,1.4919,ms
0.000,tmot_w,81.8811,degC
0.000,wkr_w,0.1343,degKW
0.050,lamsoni_w,1.0000,-
0.050,nmot_w,781.9712,rpm
0.050,rl_w,17.1618,%
0.050,ti_1_w,1.4906,ms
0.050,wkr_w,-0.1126,degKW
0.100,lamsoni_w,0.9989,-
0.100,nmot_w,786.2996,rpm
0.100,rl_w,16.9117,%
0.100,ti_1_w,1.4914,ms
0.100,wkr_w,0.1450,degKW
0.150,lamsoni_w,1.0021,-
0.150,nmot_w,796.0913,rpm
0.150,rl_w,17.2125,%
0.150,ti_1_w,1.4973,ms
0.150,wkr_w,0.0841,degKW
0.200,lamsoni_w,0.9985,-
0.200,nmot_w,802.5162,rpm
0.200,rl_w,16.7215,%
0.200,ti_1_w,1.4970,ms
0.200,wkr_w,-0.0459,degKW
0.250,lamsoni_w,1.0009,-
0.250,nmot_w,804.9564,rpm
0.250,rl_w,17.0158,%
0.250,ti_1_w,1.4934,ms
0.250,wkr_w,0.0856,degKW
0.300,lamsoni_w,1.0014,-
0.300,nmot_w,804.6552,rpm
0.300,rl_w,17.2959,%
0.300,ti_1_w,1.5009,ms
0.300,wkr_w,0.0775,degKW
0.350,lamsoni_w,0.9976,-
0.350,nmot_w,798.2469,rpm
0.350,rl_w,16.9114,%
0.350,ti_1_w,1.4927,ms
0.350,wkr_w,0.0981,degKW
0.400,lamsoni_w,0.9970,-
0.400,nmot_w,792.5001,rpm
0.400,rl_w,16.9708,%
0.400,ti_1_w,1.5027,ms
0.400,wkr_w,-0.0862,degKW
0.450,lamsoni_w,1.0022,-
0.450,nmot_w,794.0490,rpm
0.450,rl_w,17.1900,%
0.450,ti_1_w,1.4935,ms
0.450,wkr_w,0.0774,degKW
0.500,B_stend,1.0000,bit
0.500,lamsoni_w,1.0021,-
0.500,nmot_w,788.3045,rpm
0.500,rl_w,16.6225,%
0.500,ti_1_w,1.4921,ms
0.500,tmot_w,82.0319,degC
0.500,wkr_w,-0.0771,degKW
0.550,lamsoni_w,0.9986,-
0.550,nmot_w,777.9196,rpm
0.550,rl_w,16.6347,%
0.550,ti_1_w,1.5023,ms
0.550,wkr_w,-0.1322,degKW
0.600,lamsoni_w,0.9970,-
0.600,nmot_w,770.4521,rpm
0.600,rl_w,17.3320,%
0.600,ti_1_w,1.4962,ms
0.600,wkr_w,0.0209,degKW
0.650,lamsoni_w,0.9998,-
0.650,nmot_w,763.2693,rpm
0.650,rl_w,16.9967,%
0.650,ti_1_w,1.4908,ms
0.650,wkr_w,-0.0282,degKW
0.700,lamsoni_w,0.9991,-
0.700,nmot_w,767.0445,rpm
0.700,rl_w,16.9416,%
0.700,ti_1_w,1.4927,ms
0.700,wkr_w,-0.1370,degKW
0.750,lamsoni_w,0.9968,-
0.750,nmot_w,756.3764,rpm
0.750,rl_w,17.0179,%
0.750,ti_1_w,1.4981,ms
0.750,wkr_w,-0.0297,degKW
0.800,lamsoni_w,0.9978,-
0.800,nmot_w,763.3579,rpm
0.800,rl_w,16.7959,%
0.800,ti_1_w,1.4925,ms
0.800,wkr_w,-0.0606,degKW
0.850,lamsoni_w,1.0012,-
0.850,nmot_w,759.1383,rpm
0.850,rl_w,17.3098,%
0.850,ti_1_w,1.4876,ms
0.850,wkr_w,-0.0304,degKW
0.900,lamsoni_w,0.9979,-
0.900,nmot_w,766.6603,rpm
0.900,rl_w,17.1861,%
0.900,ti_1_w,1.5020,ms
0.900,wkr_w,0.1015,degKW
0.950,lamsoni_w,1.0014,-
0.950,nmot_w,774.5928,rpm
0.950,rl_w,17.2229,%
0.950,ti_1_w,1.4939,ms
0.950,wkr_w,0.0928,degKW
1.000,B_stend,1.0000,bit
1.000,lamsoni_w,1.0029,-
1.000,nmot_w,770.3169,rpm
1.000,rl_w,16.8239,%
1.000,ti_1_w,1.4892,ms
1.000,tmot_w,82.2091,degC
1.000,wkr_w,0.0751,degKW
1.050,lamsoni_w,1.0024,-
1.050,nmot_w,776.8323,rpm
1.050,rl_w,16.7120,%
1.050,ti_1_w,1.4917,ms
1.050,wkr_w,-0.0843,degKW
1.100,lamsoni_w,1.0039,-
1.100,nmot_w,786.9878,rpm
1.100,rl_w,17.1725,%
1.100,ti_1_w,1.4902,ms
1.100,wkr_w,-0.0750,degKW
1.150,lamsoni_w,1.0032,-
1.150,nmot_w,790.7361,rpm
1.150,rl_w,17.2042,%
1.150,ti_1_w,1.5008,ms
1.150,wkr_w,0.1434,degKW
1.200,lamsoni_w,0.9997,-
1.200,nmot_w,794.6183,rpm
1.200,rl_w,16.9458,%
1.200,ti_1_w,1.4890,ms
1.200,wkr_w,-0.0787,degKW
1.250,lamsoni_w,0.9979,-
1.250,nmot_w,804.5924,rpm
1.250,rl_w,17.1223,%
1.250,ti_1_w,1.4967,ms
1.250,wkr_w,-0.0135,degKW
1.300,lamsoni_w,0.9972,-
1.300,nmot_w,803.4504,rpm
1.300,rl_w,16.6631,%
1.300,ti_1_w,1.4946,ms
1.300,wkr_w,-0.0763,degKW
1.350,lamsoni_w,0.9998,-
1.350,nmot_w,804.7377,rpm
1.350,rl_w,17.0912,%
1.350,ti_1_w,1.5028,ms
1.350,wkr_w,0.0899,degKW
1.400,lamsoni_w,1.0002,-
1.400,nmot_w,800.0222,rpm
1.400,rl_w,16.9046,%
1.400,ti_1_w,1.4947,ms
1.400,wkr_w,-0.1206,degKW
1.450,lamsoni_w,1.0022,-
1.450,nmot_w,794.3899,rpm
1.450,rl_w,16.8777,%
1.450,ti_1_w,1.4893,ms
1.450,wkr_w,0.0633,degKW
1.500,B_stend,1.0000,bit
1.500,lamsoni_w,1.0037,-
1.500,nmot_w,787.5960,rpm
1.500,rl_w,17.1637,%
1.500,ti_1_w,1.4885,ms
1.500,tmot_w,82.4665,degC
1.500,wkr_w,0.0154,degKW
1.550,lamsoni_w,1.0023,-
1.550,nmot_w,785.3723,rpm
1.550,rl_w,17.0632,%
1.550,ti_1_w,1.4972,ms
1.550,wkr_w,-0.0936,degKW
1.600,lamsoni_w,0.9983,-
1.600,nmot_w,774.1387,rpm
1.600,rl_w,16.8262,%
1.600,ti_1_w,1.4979,ms
1.600,wkr_w,0.0196,degKW
1.650,lamsoni_w,1.0005,-
1.650,nmot_w,769.8707,rpm
1.650,rl_w,16.8453,%
1.650,ti_1_w,1.4941,ms
1.650,wkr_w,-0.0036,degKW
1.700,lamsoni_w,0.9980,-
1.700,nmot_w,767.2821,rpm
1.700,rl_w,16.9327,%
1.700,ti_1_w,1.4891,ms
1.700,wkr_w,-0.1393,degKW
1.750,lamsoni_w,1.0012,-
1.750,nmot_w,768.1312,rpm
1.750,rl_w,16.6916,%
1.750,ti_1_w,1.4930,ms
1.750,wkr_w,-0.0449,degKW
1.800,lamsoni_w,0.9998,-
1.800,nmot_w,761.0179,rpm
1.800,rl_w,16.8867,%
1.800,ti_1_w,1.4960,ms
1.800,wkr_w,-0.1009,degKW
1.850,lamsoni_w,0.9983,-
1.850,nmot_w,761.4916,rpm
1.850,rl_w,16.7377,%
1.850,ti_1_w,1.4959,ms
1.850,wkr_w,0.1116,degKW
1.900,lamsoni_w,1.0008,-
1.900,nmot_w,765.6342,rpm
1.900,rl_w,17.2759,%
1.900,ti_1_w,1.5013,ms
1.900,wkr_w,0.0122,degKW
1.950,lamsoni_w,0.9981,-
1.950,nmot_w,760.7789,rpm
1.950,rl_w,17.1240,%
1.950,ti_1_w,1.4980,ms
1.950,wkr_w,-0.1180,degKW
2.000,B_stend,1.0000,bit
2.000,lamsoni_w,0.9988,-
2.000,nmot_w,773.0475,rpm
2.000,rl_w,16.7531,%
2.000,ti_1_w,1.4938,ms
2.000,tmot_w,82.5197,degC
2.000,wkr_w,0.1018,degKW
2.050,lamsoni_w,0.9998,-
2.050,nmot_w,770.3833,rpm
2.050,rl_w,16.8101,%
2.050,ti_1_w,1.4898,ms
2.050,wkr_w,-0.0359,degKW
2.100,lamsoni_w,1.0002,-
2.100,nmot_w,780.7303,rpm
2.100,rl_w,17.0022,%
2.100,ti_1_w,1.4926,ms
2.100,wkr_w,-0.1138,degKW
2.150,lamsoni_w,1.0005,-
2.150,nmot_w,786.7842,rpm
2.150,rl_w,17.0857,%
2.150,ti_1_w,1.4987,ms
2.150,wkr_w,-0.0468,degKW
2.200,lamsoni_w,1.0014,-
2.200,nmot_w,795.4651,rpm
2.200,rl_w,17.0728,%
2.200,ti_1_w,1.4913,ms
2.200,wkr_w,0.0156,degKW
2.250,lamsoni_w,0.9965,-
2.250,nmot_w,799.5429,rpm
2.250,rl_w,17.3102,%
2.250,ti_1_w,1.5012,ms
2.250,wkr_w,0.0902,degKW
2.300,lamsoni_w,0.9984,-
2.300,nmot_w,803.7623,rpm
2.300,rl_w,17.1153,%
2.300,ti_1_w,1.4896,ms
2.300,wkr_w,-0.1001,degKW
2.350,lamsoni_w,0.9963,-
2.350,nmot_w,797.4082,rpm
2.350,rl_w,17.2736,%
2.350,ti_1_w,1.4956,ms
2.350,wkr_w,-0.0878,degKW
2.400,lamsoni_w,1.0002,-
2.400,nmot_w,793.5680,rpm
2.400,rl_w,16.8865,%
2.400,ti_1_w,1.4969,ms
2.400,wkr_w,0.0138,degKW
2.450,lamsoni_w,0.9962,-
2.450,nmot_w,792.7590,rpm
2.450,rl_w,17.2587,%
2.450,ti_1_w,1.4875,ms
2.450,wkr_w,-0.0366,degKW
2.500,B_stend,1.0000,bit
2.500,lamsoni_w,1.0033,-
2.500,nmot_w,794.4017,rpm
2.500,rl_w,16.6163,%
2.500,ti_1_w,1.4970,ms
2.500,tmot_w,82.9419,degC
2.500,wkr_w,-0.0376,degKW
2.550,lamsoni_w,1.0008,-
2.550,nmot_w,790.6883,rpm
2.550,rl_w,16.9167,%
2.550,ti_1_w,1.5027,ms
2.550,wkr_w,-0.1163,degKW
2.600,lamsoni_w,1.0019,-
2.600,nmot_w,778.8142,rpm
2.600,rl_w,17.2393,%
2.600,ti_1_w,1.5009,ms
2.600,wkr_w,-0.1459,degKW
2.650,lamsoni_w,0.9976,-
2.650,nmot_w,779.0575,rpm
2.650,rl_w,16.9347,%
2.650,ti_1_w,1.4928,ms
2.650,wkr_w,-0.0951,degKW
2.700,lamsoni_w,1.0023,-
2.700,nmot_w,765.4670,rpm
2.700,rl_w,16.6924,%
2.700,ti_1_w,1.4895,ms
2.700,wkr_w,-0.1379,degKW
2.750,lamsoni_w,0.9978,-
2.750,nmot_w,769.2520,rpm
2.750,rl_w,17.0792,%
2.750,ti_1_w,1.4934,ms
2.750,wkr_w,-0.0952,degKW
2.800,lamsoni_w,1.0037,-
2.800,nmot_w,763.6205,rpm
2.800,rl_w,16.8655,%
2.800,ti_1_w,1.4967,ms
2.800,wkr_w,-0.0366,degKW
2.850,lamsoni_w,0.9972,-
2.850,nmot_w,756.5316,rpm
2.850,rl_w,16.8401,%
2.850,ti_1_w,1.4879,ms
2.850,wkr_w,-0.1469,degKW
2.900,lamsoni_w,1.0036,-
2.900,nmot_w,764.7650,rpm
2.900,rl_w,17.3664,%
2.900,ti_1_w,1.4970,ms
2.900,wkr_w,0.0393,degKW
2.950,lamsoni_w,0.9968,-
2.950,nmot_w,756.2182,rpm
2.950,rl_w,16.8810,%
2.950,ti_1_w,1.4893,ms
2.950,wkr_w,-0.0908,degKW
3.000,B_stend,1.0000,bit
3.000,lamsoni_w,1.0034,-
3.000,nmot_w,759.9876,rpm
3.000,rl_w,16.6215,%
3.000,ti_1_w,1.5021,ms
3.000,tmot_w,83.1535,degC
3.000,wkr_w,0.1224,degKW
3.050,lamsoni_w,0.9965,-
3.050,nmot_w,773.9411,rpm
3.050,rl_w,16.7191,%
3.050,ti_1_w,1.4897,ms
3.050,wkr_w,0.0453,degKW
3.100,lamsoni_w,0.9968,-
3.100,nmot_w,777.9030,rpm
3.100,rl_w,16.6819,%
3.100,ti_1_w,1.4896,ms
3.100,wkr_w,-0.1135,degKW
3.150,lamsoni_w,0.9962,-
3.150,nmot_w,775.3042,rpm
3.150,rl_w,17.2098,%
3.150,ti_1_w,1.5023,ms
3.150,wkr_w,0.0440,degKW
3.200,lamsoni_w,0.9961,-
3.200,nmot_w,782.1630,rpm
3.200,rl_w,16.9423,%
3.200,ti_1_w,1.4920,ms
3.200,wkr_w,0.1156,degKW
3.250,lamsoni_w,1.0021,-
3.250,nmot_w,795.2053,rpm
3.250,rl_w,17.0076,%
3.250,ti_1_w,1.4897,ms
3.250,wkr_w,0.1142,degKW
3.300,lamsoni_w,0.9979,-
3.300,nmot_w,796.2681,rpm
3.300,rl_w,17.3001,%
3.300,ti_1_w,1.4988,ms
3.300,wkr_w,-0.1345,degKW
3.350,lamsoni_w,1.0014,-
3.350,nmot_w,800.2483,rpm
3.350,rl_w,17.3008,%
3.350,ti_1_w,1.4951,ms
3.350,wkr_w,0.1468,degKW
3.400,lamsoni_w,1.0032,-
3.400,nmot_w,801.2534,rpm
3.400,rl_w,16.9971,%
3.400,ti_1_w,1.4964,ms
3.400,wkr_w,-0.1366,degKW
3.450,lamsoni_w,1.0006,-
3.450,nmot_w,803.8173,rpm
3.450,rl_w,16.6866,%
3.450,ti_1_w,1.4953,ms
3.450,wkr_w,-0.1470,degKW
3.500,B_stend,1.0000,bit
3.500,lamsoni_w,1.0001,-
3.500,nmot_w,795.3780,rpm
3.500,rl_w,16.9817,%
3.500,ti_1_w,1.4901,ms
3.500,tmot_w,83.0674,degC
3.500,wkr_w,0.0825,degKW
3.550,lamsoni_w,1.0014,-
3.550,nmot_w,791.0012,rpm
3.550,rl_w,17.1582,%
3.550,ti_1_w,1.5016,ms
3.550,wkr_w,0.0617,degKW
3.600,lamsoni_w,1.0036,-
3.600,nmot_w,786.7477,rpm
3.600,rl_w,16.6167,%
3.600,ti_1_w,1.4904,ms
3.600,wkr_w,0.0008,degKW
3.650,lamsoni_w,0.9981,-
3.650,nmot_w,778.1516,rpm
3.650,rl_w,17.1158,%
3.650,ti_1_w,1.4890,ms
3.650,wkr_w,-0.0492,degKW
3.700,lamsoni_w,1.0020,-
3.700,nmot_w,778.2975,rpm
3.700,rl_w,16.6305,%
3.700,ti_1_w,1.5023,ms
3.700,wkr_w,0.1123,degKW
3.750,lamsoni_w,1.0028,-
3.750,nmot_w,771.8645,rpm
3.750,rl_w,16.7948,%
3.750,ti_1_w,1.4972,ms
3.750,wkr_w,-0.0788,degKW
3.800,lamsoni_w,0.9999,-
3.800,nmot_w,768.1815,rpm
3.800,rl_w,16.8714,%
3.800,ti_1_w,1.4878,ms
3.800,wkr_w,0.1192,degKW
3.850,lamsoni_w,1.0028,-
3.850,nmot_w,759.0038,rpm
3.850,rl_w,17.0220,%
3.850,ti_1_w,1.4949,ms
3.850,wkr_w,-0.0462,degKW
3.900,lamsoni_w,0.9989,-
3.900,nmot_w,755.7478,rpm
3.900,rl_w,16.7724,%
3.900,ti_1_w,1.4888,ms
3.900,wkr_w,-0.0888,degKW
3.950,lamsoni_w,1.0026,-
3.950,nmot_w,759.4231,rpm
3.950,rl_w,17.2626,%
3.950,ti_1_w,1.4952,ms
3.950,wkr_w,-0.0268,degKW
4.000,B_stend,1.0000,bit
4.000,lamsoni_w,1.0007,-
4.000,nmot_w,766.3360,rpm
4.000,rl_w,17.1704,%
4.000,ti_1_w,1.4973,ms
4.000,tmot_w,83.5608,degC
4.000,wkr_w,0.1360,degKW
4.050,lamsoni_w,0.9926,-
4.050,nmot_w,839.7378,rpm
4.050,rl_w,19.2669,%
4.050,ti_1_w,1.5715,ms
4.050,wkr_w,0.0026,degKW
4.100,lamsoni_w,0.9853,-
4.100,nmot_w,925.5803,rpm
4.100,rl_w,21.4457,%
4.100,ti_1_w,1.6473,ms
4.100,wkr_w,0.3101,degKW
4.150,lamsoni_w,0.9793,-
4.150,nmot_w,1001.3252,rpm
4.150,rl_w,23.6013,%
4.150,ti_1_w,1.7287,ms
4.150,wkr_w,0.4310,degKW
4.200,lamsoni_w,0.9738,-
4.200,nmot_w,1078.2561,rpm
4.200,rl_w,25.7612,%
4.200,ti_1_w,1.8135,ms
4.200,wkr_w,0.5084,degKW
4.250,lamsoni_w,0.9680,-
4.250,nmot_w,1161.2587,rpm
4.250,rl_w,28.4694,%
4.250,ti_1_w,1.8940,ms
4.250,wkr_w,0.6016,degKW
4.300,lamsoni_w,0.9656,-
4.300,nmot_w,1242.5473,rpm
4.300,rl_w,30.3768,%
4.300,ti_1_w,1.9608,ms
4.300,wkr_w,0.8281,degKW
4.350,lamsoni_w,0.9564,-
4.350,nmot_w,1319.6847,rpm
4.350,rl_w,32.7789,%
4.350,ti_1_w,2.0522,ms
4.350,wkr_w,0.9238,degKW
4.400,lamsoni_w,0.9546,-
4.400,nmot_w,1398.5370,rpm
4.400,rl_w,34.9013,%
4.400,ti_1_w,2.1244,ms
4.400,wkr_w,1.0572,degKW
4.450,lamsoni_w,0.9430,-
4.450,nmot_w,1479.8453,rpm
4.450,rl_w,37.0081,%
4.450,ti_1_w,2.2059,ms
4.450,wkr_w,1.2708,degKW
4.500,B_stend,1.0000,bit
4.500,lamsoni_w,0.9427,-
4.500,nmot_w,1550.3303,rpm
4.500,rl_w,39.6178,%
4.500,ti_1_w,2.2879,ms
4.500,tmot_w,83.6095,degC
4.500,wkr_w,1.3971,degKW
4.550,lamsoni_w,0.9346,-
4.550,nmot_w,1618.1100,rpm
4.550,rl_w,41.8493,%
4.550,ti_1_w,2.3602,ms
4.550,wkr_w,1.5269,degKW
4.600,lamsoni_w,0.9304,-
4.600,nmot_w,1691.0585,rpm
4.600,rl_w,44.1792,%
4.600,ti_1_w,2.4402,ms
4.600,wkr_w,1.9150,degKW
4.650,lamsoni_w,0.9238,-
4.650,nmot_w,1757.5217,rpm
4.650,rl_w,46.3783,%
4.650,ti_1_w,2.5195,ms
4.650,wkr_w,1.9354,degKW
4.700,lamsoni_w,0.9187,-
4.700,nmot_w,1835.5824,rpm
4.700,rl_w,48.7190,%
4.700,ti_1_w,2.5957,ms
4.700,wkr_w,2.1382,degKW
4.750,lamsoni_w,0.9080,-
4.750,nmot_w,1901.9635,rpm
4.750,rl_w,50.7022,%
4.750,ti_1_w,2.6718,ms
4.750,wkr_w,2.2488,degKW
4.800,lamsoni_w,0.9005,-
4.800,nmot_w,1971.4389,rpm
4.800,rl_w,52.6582,%
4.800,ti_1_w,2.7491,ms
4.800,wkr_w,2.4659,degKW
4.850,lamsoni_w,0.9017,-
4.850,nmot_w,2044.5108,rpm
4.850,rl_w,55.6284,%
4.850,ti_1_w,2.8363,ms
4.850,wkr_w,2.5053,degKW
4.900,lamsoni_w,0.8954,-
4.900,nmot_w,2112.8713,rpm
4.900,rl_w,57.6130,%
4.900,ti_1_w,2.9198,ms
4.900,wkr_w,2.6805,degKW
4.950,lamsoni_w,0.8843,-
4.950,nmot_w,2186.2580,rpm
4.950,rl_w,60.0304,%
4.950,ti_1_w,2.9898,ms
4.950,wkr_w,2.9533,degKW
5.000,B_stend,1.0000,bit
5.000,lamsoni_w,0.8791,-
5.000,nmot_w,2262.0371,rpm
5.000,rl_w,62.3188,%
5.000,ti_1_w,3.0715,ms
5.000,tmot_w,83.8674,degC
5.000,wkr_w,2.9910,degKW
5.050,lamsoni_w,0.8815,-
5.050,nmot_w,2258.3085,rpm
5.050,rl_w,61.7012,%
5.050,ti_1_w,3.0695,ms
5.050,wkr_w,3.1477,degKW
5.100,lamsoni_w,0.8818,-
5.100,nmot_w,2268.1447,rpm
5.100,rl_w,62.3842,%
5.100,ti_1_w,3.0727,ms
5.100,wkr_w,2.9632,degKW
5.150,lamsoni_w,0.8804,-
5.150,nmot_w,2265.1476,rpm
5.150,rl_w,61.6389,%
5.150,ti_1_w,3.0624,ms
5.150,wkr_w,3.1459,degKW
5.200,lamsoni_w,0.8790,-
5.200,nmot_w,2273.8123,rpm
5.200,rl_w,62.2748,%
5.200,ti_1_w,3.0641,ms
5.200,wkr_w,3.0867,degKW
5.250,lamsoni_w,0.8772,-
5.250,nmot_w,2276.8173,rpm
5.250,rl_w,62.2051,%
5.250,ti_1_w,3.0703,ms
5.250,wkr_w,3.1058,degKW
5.300,lamsoni_w,0.8770,-
5.300,nmot_w,2292.9370,rpm
5.300,rl_w,61.9001,%
5.300,ti_1_w,3.0702,ms
5.300,wkr_w,3.1107,degKW
5.350,lamsoni_w,0.8837,-
5.350,nmot_w,2296.7409,rpm
5.350,rl_w,62.1213,%
5.350,ti_1_w,3.0776,ms
5.350,wkr_w,3.0011,degKW
5.400,lamsoni_w,0.8830,-
5.400,nmot_w,2292.3819,rpm
5.400,rl_w,61.8377,%
5.400,ti_1_w,3.0705,ms
5.400,wkr_w,3.0703,degKW
5.450,lamsoni_w,0.8767,-
5.450,nmot_w,2302.3190,rpm
5.450,rl_w,61.8398,%
5.450,ti_1_w,3.0714,ms
5.450,wkr_w,2.9671,degKW
5.500,B_stend,1.0000,bit
5.500,lamsoni_w,0.8784,-
5.500,nmot_w,2295.4596,rpm
5.500,rl_w,62.0776,%
5.500,ti_1_w,3.0703,ms
5.500,tmot_w,83.8730,degC
5.500,wkr_w,3.1224,degKW
5.550,lamsoni_w,0.8823,-
5.550,nmot_w,2301.1214,rpm
5.550,rl_w,62.2286,%
5.550,ti_1_w,3.0768,ms
5.550,wkr_w,2.9597,degKW
5.600,lamsoni_w,0.8820,-
5.600,nmot_w,2297.0710,rpm
5.600,rl_w,61.9043,%
5.600,ti_1_w,3.0744,ms
5.600,wkr_w,3.0386,degKW
5.650,lamsoni_w,0.8797,-
5.650,nmot_w,2289.1887,rpm
5.650,rl_w,62.2513,%
5.650,ti_1_w,3.0622,ms
5.650,wkr_w,2.9843,degKW
5.700,lamsoni_w,0.8796,-
5.700,nmot_w,2286.9744,rpm
5.700,rl_w,61.8606,%
5.700,ti_1_w,3.0660,ms
5.700,wkr_w,2.9673,degKW
5.750,lamsoni_w,0.8777,-
5.750,nmot_w,2286.1235,rpm
5.750,rl_w,62.3049,%
5.750,ti_1_w,3.0700,ms
5.750,wkr_w,3.1241,degKW
5.800,lamsoni_w,0.8829,-
5.800,nmot_w,2271.4835,rpm
5.800,rl_w,61.7431,%
5.800,ti_1_w,3.0740,ms
5.800,wkr_w,3.0961,degKW
5.850,lamsoni_w,0.8836,-
5.850,nmot_w,2273.7254,rpm
5.850,rl_w,62.3424,%
5.850,ti_1_w,3.0677,ms
5.850,wkr_w,2.9516,degKW
5.900,lamsoni_w,0.8812,-
5.900,nmot_w,2267.3200,rpm
5.900,rl_w,62.2839,%
5.900,ti_1_w,3.0688,ms
5.900,wkr_w,2.9243,degKW
5.950,lamsoni_w,0.8794,-
5.950,nmot_w,2256.3064,rpm
5.950,rl_w,61.9156,%
5.950,ti_1_w,3.0720,ms
5.950,wkr_w,3.0792,degKW
6.000,B_stend,1.0000,bit
6.000,lamsoni_w,0.8760,-
6.000,nmot_w,2254.7856,rpm
6.000,rl_w,62.0537,%
6.000,ti_1_w,3.0686,ms
6.000,tmot_w,84.2550,degC
6.000,wkr_w,3.0174,degKW
6.050,lamsoni_w,0.8821,-
6.050,nmot_w,2265.9233,rpm
6.050,rl_w,62.3121,%
6.050,ti_1_w,3.0754,ms
6.050,wkr_w,3.1404,degKW
6.100,lamsoni_w,0.8828,-
6.100,nmot_w,2265.2813,rpm
6.100,rl_w,62.2976,%
6.100,ti_1_w,3.0749,ms
6.100,wkr_w,2.9581,degKW
6.150,lamsoni_w,0.8804,-
6.150,nmot_w,2261.0056,rpm
6.150,rl_w,61.7426,%
6.150,ti_1_w,3.0664,ms
6.150,wkr_w,3.0676,degKW
6.200,lamsoni_w,0.8816,-
6.200,nmot_w,2268.9514,rpm
6.200,rl_w,61.9754,%
6.200,ti_1_w,3.0693,ms
6.200,wkr_w,3.0600,degKW
6.250,lamsoni_w,0.8785,-
6.250,nmot_w,2270.7411,rpm
6.250,rl_w,61.7504,%
6.250,ti_1_w,3.0748,ms
6.250,wkr_w,3.0958,degKW
6.300,lamsoni_w,0.8762,-
6.300,nmot_w,2282.3868,rpm
6.300,rl_w,62.3271,%
6.300,ti_1_w,3.0640,ms
6.300,wkr_w,3.0724,degKW
6.350,lamsoni_w,0.8796,-
6.350,nmot_w,2282.6645,rpm
6.350,rl_w,62.1714,%
6.350,ti_1_w,3.0717,ms
6.350,wkr_w,2.9474,degKW
6.400,lamsoni_w,0.8819,-
6.400,nmot_w,2294.4762,rpm
6.400,rl_w,62.3182,%
6.400,ti_1_w,3.0771,ms
6.400,wkr_w,2.9923,degKW
6.450,lamsoni_w,0.8769,-
6.450,nmot_w,2291.7649,rpm
6.450,rl_w,62.1620,%
6.450,ti_1_w,3.0726,ms
6.450,wkr_w,2.8995,degKW
6.500,B_stend,1.0000,bit
6.500,lamsoni_w,0.8814,-
6.500,nmot_w,2299.2342,rpm
6.500,rl_w,62.0454,%
6.500,ti_1_w,3.0661,ms
6.500,tmot_w,84.4401,degC
6.500,wkr_w,3.1302,degKW
6.550,lamsoni_w,0.8821,-
6.550,nmot_w,2300.6878,rpm
6.550,rl_w,62.3461,%
6.550,ti_1_w,3.0731,ms
6.550,wkr_w,2.8593,degKW
6.600,lamsoni_w,0.8779,-
6.600,nmot_w,2304.3621,rpm
6.600,rl_w,62.0931,%
6.600,ti_1_w,3.0751,ms
6.600,wkr_w,2.8541,degKW
6.650,lamsoni_w,0.8796,-
6.650,nmot_w,2292.8429,rpm
6.650,rl_w,62.2954,%
6.650,ti_1_w,3.0706,ms
6.650,wkr_w,2.9496,degKW
6.700,lamsoni_w,0.8820,-
6.700,nmot_w,2289.9630,rpm
6.700,rl_w,61.6293,%
6.700,ti_1_w,3.0672,ms
6.700,wkr_w,2.8823,degKW
6.750,lamsoni_w,0.8791,-
6.750,nmot_w,2283.9408,rpm
6.750,rl_w,62.2659,%
6.750,ti_1_w,3.0741,ms
6.750,wkr_w,3.0837,degKW
6.800,lamsoni_w,0.8767,-
6.800,nmot_w,2283.7170,rpm
6.800,rl_w,62.2155,%
6.800,ti_1_w,3.0749,ms
6.800,wkr_w,3.1133,degKW
6.850,lamsoni_w,0.8781,-
6.850,nmot_w,2275.1519,rpm
6.850,rl_w,62.2515,%
6.850,ti_1_w,3.0634,ms
6.850,wkr_w,2.9629,degKW
6.900,lamsoni_w,0.8762,-
6.900,nmot_w,2269.3692,rpm
6.900,rl_w,61.7788,%
6.900,ti_1_w,3.0623,ms
6.900,wkr_w,3.0941,degKW
6.950,lamsoni_w,0.8801,-
6.950,nmot_w,2265.1005,rpm
6.950,rl_w,62.0993,%
6.950,ti_1_w,3.0667,ms
6.950,wkr_w,3.1127,degKW
7.000,B_stend,1.0000,bit
7.000,lamsoni_w,0.8808,-
7.000,nmot_w,2262.9848,rpm
7.000,rl_w,61.8568,%
7.000,ti_1_w,3.0725,ms
7.000,tmot_w,84.5948,degC
7.000,wkr_w,2.9356,degKW
7.050,lamsoni_w,0.8869,-
7.050,nmot_w,2187.6904,rpm
7.050,rl_w,60.0962,%
7.050,ti_1_w,2.9941,ms
7.050,wkr_w,2.7004,degKW
7.100,lamsoni_w,0.8886,-
7.100,nmot_w,2114.4860,rpm
7.100,rl_w,57.6704,%
7.100,ti_1_w,2.9169,ms
7.100,wkr_w,2.8122,degKW
7.150,lamsoni_w,0.8990,-
7.150,nmot_w,2031.7076,rpm
7.150,rl_w,55.3400,%
7.150,ti_1_w,2.8388,ms
7.150,wkr_w,2.6685,degKW
7.200,lamsoni_w,0.9026,-
7.200,nmot_w,1964.9425,rpm
7.200,rl_w,53.1202,%
7.200,ti_1_w,2.7508,ms
7.200,wkr_w,2.3325,degKW
7.250,lamsoni_w,0.9097,-
7.250,nmot_w,1892.7325,rpm
7.250,rl_w,51.0540,%
7.250,ti_1_w,2.6759,ms
7.250,wkr_w,2.1211,degKW
7.300,lamsoni_w,0.9198,-
7.300,nmot_w,1829.4395,rpm
7.300,rl_w,48.1227,%
7.300,ti_1_w,2.5912,ms
7.300,wkr_w,2.0600,degKW
7.350,lamsoni_w,0.9216,-
7.350,nmot_w,1758.6477,rpm
7.350,rl_w,46.2802,%
7.350,ti_1_w,2.5216,ms
7.350,wkr_w,1.9932,degKW
7.400,lamsoni_w,0.9294,-
7.400,nmot_w,1689.6408,rpm
7.400,rl_w,43.7138,%
7.400,ti_1_w,2.4381,ms
7.400,wkr_w,1.8034,degKW
7.450,lamsoni_w,0.9375,-
7.450,nmot_w,1621.5186,rpm
7.450,rl_w,41.7051,%
7.450,ti_1_w,2.3622,ms
7.450,wkr_w,1.6665,degKW
7.500,B_stend,1.0000,bit
7.500,lamsoni_w,0.9422,-
7.500,nmot_w,1550.0083,rpm
7.500,rl_w,39.5473,%
7.500,ti_1_w,2.2863,ms
7.500,tmot_w,84.8067,degC
7.500,wkr_w,1.4051,degKW
7.550,lamsoni_w,0.9438,-
7.550,nmot_w,1477.4623,rpm
7.550,rl_w,37.3266,%
7.550,ti_1_w,2.2078,ms
7.550,wkr_w,1.4406,degKW
7.600,lamsoni_w,0.9513,-
7.600,nmot_w,1401.6220,rpm
7.600,rl_w,34.6984,%
7.600,ti_1_w,2.1329,ms
7.600,wkr_w,1.3370,degKW
7.650,lamsoni_w,0.9597,-
7.650,nmot_w,1328.8974,rpm
7.650,rl_w,32.5628,%
7.650,ti_1_w,2.0483,ms
7.650,wkr_w,0.9786,degKW
7.700,lamsoni_w,0.9658,-
7.700,nmot_w,1240.2505,rpm
7.700,rl_w,30.3609,%
7.700,ti_1_w,1.9724,ms
7.700,wkr_w,0.7865,degKW
7.750,lamsoni_w,0.9708,-
7.750,nmot_w,1170.8294,rpm
7.750,rl_w,28.5326,%
7.750,ti_1_w,1.8857,ms
7.750,wkr_w,0.6966,degKW
7.800,lamsoni_w,0.9770,-
7.800,nmot_w,1085.2610,rpm
7.800,rl_w,26.3824,%
7.800,ti_1_w,1.8084,ms
7.800,wkr_w,0.4880,degKW
7.850,lamsoni_w,0.9855,-
7.850,nmot_w,1008.0579,rpm
7.850,rl_w,24.0555,%
7.850,ti_1_w,1.7298,ms
7.850,wkr_w,0.3546,degKW
7.900,lamsoni_w,0.9898,-
7.900,nmot_w,929.5961,rpm
7.900,rl_w,21.2334,%
7.900,ti_1_w,1.6578,ms
7.900,wkr_w,0.4443,degKW
7.950,lamsoni_w,0.9980,-
7.950,nmot_w,848.8368,rpm
7.950,rl_w,19.0734,%
7.950,ti_1_w,1.5817,ms
7.950,wkr_w,0.0570,degKW
8.000,B_stend,1.0000,bit
8.000,lamsoni_w,0.9988,-
8.000,nmot_w,758.7863,rpm
8.000,rl_w,17.2416,%
8.000,ti_1_w,1.4930,ms
8.000,tmot_w,84.9696,degC
8.000,wkr_w,-0.1053,degKW
8.050,lamsoni_w,0.9983,-
8.050,nmot_w,761.9582,rpm
8.050,rl_w,16.6380,%
8.050,ti_1_w,1.4930,ms
8.050,wkr_w,0.0923,degKW
8.100,lamsoni_w,1.0003,-
8.100,nmot_w,763.2126,rpm
8.100,rl_w,16.9463,%
8.100,ti_1_w,1.4981,ms
8.100,wkr_w,0.0419,degKW
8.150,lamsoni_w,0.9978,-
8.150,nmot_w,761.8843,rpm
8.150,rl_w,16.6881,%
8.150,ti_1_w,1.4898,ms
8.150,wkr_w,0.0404,degKW
8.200,lamsoni_w,0.9976,-
8.200,nmot_w,760.9990,rpm
8.200,rl_w,16.9362,%
8.200,ti_1_w,1.5006,ms
8.200,wkr_w,-0.0470,degKW
8.250,lamsoni_w,0.9982,-
8.250,nmot_w,770.8459,rpm
8.250,rl_w,17.2582,%
8.250,ti_1_w,1.5004,ms
8.250,wkr_w,-0.0719,degKW
8.300,lamsoni_w,0.9988,-
8.300,nmot_w,765.4667,rpm
8.300,rl_w,17.2380,%
8.300,ti_1_w,1.4912,ms
8.300,wkr_w,0.0205,degKW
8.350,lamsoni_w,1.0038,-
8.350,nmot_w,780.2673,rpm
8.350,rl_w,17.2140,%
8.350,ti_1_w,1.4957,ms
8.350,wkr_w,-0.0350,degKW
8.400,lamsoni_w,0.9998,-
8.400,nmot_w,787.5473,rpm
8.400,rl_w,16.7017,%
8.400,ti_1_w,1.4983,ms
8.400,wkr_w,0.0125,degKW
8.450,lamsoni_w,1.0023,-
8.450,nmot_w,793.0138,rpm
8.450,rl_w,16.9030,%
8.450,ti_1_w,1.4874,ms
8.450,wkr_w,0.0215,degKW
8.500,B_stend,1.0000,bit
8.500,lamsoni_w,1.0005,-
8.500,nmot_w,792.5143,rpm
8.500,rl_w,16.8094,%
8.500,ti_1_w,1.4877,ms
8.500,tmot_w,84.8516,degC
8.500,wkr_w,0.0782,degKW
8.550,lamsoni_w,1.0037,-
8.550,nmot_w,797.3967,rpm
8.550,rl_w,16.6380,%
8.550,ti_1_w,1.4922,ms
8.550,wkr_w,-0.1333,degKW
8.600,lamsoni_w,1.0034,-
8.600,nmot_w,796.4523,rpm
8.600,rl_w,17.3886,%
8.600,ti_1_w,1.4986,ms
8.600,wkr_w,0.1099,degKW
8.650,lamsoni_w,1.0029,-
8.650,nmot_w,802.1992,rpm
8.650,rl_w,17.3987,%
8.650,ti_1_w,1.4908,ms
8.650,wkr_w,0.1393,degKW
8.700,lamsoni_w,1.0028,-
8.700,nmot_w,799.6310,rpm
8.700,rl_w,17.3656,%
8.700,ti_1_w,1.4931,ms
8.700,wkr_w,0.0122,degKW
8.750,lamsoni_w,0.9989,-
8.750,nmot_w,795.7929,rpm
8.750,rl_w,17.2403,%
8.750,ti_1_w,1.5017,ms
8.750,wkr_w,-0.0629,degKW
8.800,lamsoni_w,1.0007,-
8.800,nmot_w,795.9384,rpm
8.800,rl_w,16.6248,%
8.800,ti_1_w,1.4882,ms
8.800,wkr_w,-0.0932,degKW
8.850,lamsoni_w,0.9994,-
8.850,nmot_w,791.2017,rpm
8.850,rl_w,16.7919,%
8.850,ti_1_w,1.4978,ms
8.850,wkr_w,-0.0086,degKW
8.900,lamsoni_w,1.0014,-
8.900,nmot_w,776.2326,rpm
8.900,rl_w,17.2684,%
8.900,ti_1_w,1.4965,ms
8.900,wkr_w,-0.0828,degKW
8.950,lamsoni_w,0.9993,-
8.950,nmot_w,780.2024,rpm
8.950,rl_w,17.2553,%
8.950,ti_1_w,1.4917,ms
8.950,wkr_w,0.0589,degKW
9.000,B_stend,1.0000,bit
9.000,lamsoni_w,0.9972,-
9.000,nmot_w,771.3337,rpm
9.000,rl_w,16.7771,%
9.000,ti_1_w,1.4927,ms
9.000,tmot_w,85.1242,degC
9.000,wkr_w,0.1448,degKW
9.050,lamsoni_w,0.9993,-
9.050,nmot_w,761.6401,rpm
9.050,rl_w,17.1839,%
9.050,ti_1_w,1.4876,ms
9.050,wkr_w,0.0735,degKW
9.100,lamsoni_w,0.9992,-
9.100,nmot_w,757.7880,rpm
9.100,rl_w,17.2752,%
9.100,ti_1_w,1.4975,ms
9.100,wkr_w,-0.1219,degKW
9.150,lamsoni_w,1.0017,-
9.150,nmot_w,758.4694,rpm
9.150,rl_w,16.7242,%
9.150,ti_1_w,1.4878,ms
9.150,wkr_w,-0.0818,degKW
9.200,lamsoni_w,1.0035,-
9.200,nmot_w,760.8990,rpm
9.200,rl_w,16.9858,%
9.200,ti_1_w,1.4966,ms
9.200,wkr_w,0.0870,degKW
9.250,lamsoni_w,1.0017,-
9.250,nmot_w,757.0384,rpm
9.250,rl_w,17.0460,%
9.250,ti_1_w,1.4940,ms
9.250,wkr_w,-0.0324,degKW
9.300,lamsoni_w,1.0037,-
9.300,nmot_w,771.2859,rpm
9.300,rl_w,17.1382,%
9.300,ti_1_w,1.4984,ms
9.300,wkr_w,0.0497,degKW
9.350,lamsoni_w,0.9966,-
9.350,nmot_w,777.2731,rpm
9.350,rl_w,17.0660,%
9.350,ti_1_w,1.4934,ms
9.350,wkr_w,-0.1303,degKW
9.400,lamsoni_w,0.9966,-
9.400,nmot_w,775.8763,rpm
9.400,rl_w,17.1477,%
9.400,ti_1_w,1.4920,ms
9.400,wkr_w,-0.1419,degKW
9.450,lamsoni_w,0.9990,-
9.450,nmot_w,780.2254,rpm
9.450,rl_w,17.1887,%
9.450,ti_1_w,1.5005,ms
9.450,wkr_w,0.0552,degKW
9.500,B_stend,1.0000,bit
9.500,lamsoni_w,0.9979,-
9.500,nmot_w,788.3531,rpm
9.500,rl_w,17.1399,%
9.500,ti_1_w,1.4878,ms
9.500,tmot_w,85.2764,degC
9.500,wkr_w,0.0624,degKW
9.550,lamsoni_w,1.0007,-
9.550,nmot_w,794.5055,rpm
9.550,rl_w,16.9393,%
9.550,ti_1_w,1.5030,ms
9.550,wkr_w,0.0354,degKW
9.600,lamsoni_w,0.9971,-
9.600,nmot_w,800.2246,rpm
9.600,rl_w,17.3229,%
9.600,ti_1_w,1.5016,ms
9.600,wkr_w,-0.0487,degKW
9.650,lamsoni_w,1.0011,-
9.650,nmot_w,794.0206,rpm
9.650,rl_w,17.1608,%
9.650,ti_1_w,1.4947,ms
9.650,wkr_w,0.1448,degKW
9.700,lamsoni_w,0.9982,-
9.700,nmot_w,802.4971,rpm
9.700,rl_w,16.6397,%
9.700,ti_1_w,1.5015,ms
9.700,wkr_w,0.1463,degKW
9.750,lamsoni_w,1.0009,-
9.750,nmot_w,796.7950,rpm
9.750,rl_w,16.9719,%
9.750,ti_1_w,1.5015,ms
9.750,wkr_w,0.0624,degKW
9.800,lamsoni_w,1.0000,-
9.800,nmot_w,793.9498,rpm
9.800,rl_w,17.2393,%
9.800,ti_1_w,1.4968,ms
9.800,wkr_w,-0.0837,degKW
9.850,lamsoni_w,0.9974,-
9.850,nmot_w,788.9758,rpm
9.850,rl_w,16.8534,%
9.850,ti_1_w,1.4941,ms
9.850,wkr_w,0.0680,degKW
9.900,lamsoni_w,0.9998,-
9.900,nmot_w,779.7801,rpm
9.900,rl_w,17.3060,%
9.900,ti_1_w,1.4977,ms
9.900,wkr_w,-0.0878,degKW
9.950,lamsoni_w,1.0000,-
9.950,nmot_w,779.9359,rpm
9.950,rl_w,16.7330,%
9.950,ti_1_w,1.4958,ms
9.950,wkr_w,0.0203,degKW
