var_id,ram_addr,size,name_or_blank,scaling_or_blank,evidence
1,0x7fce95,1,cand_mw_nmot,fmt=0x01 A=0xc8,handler 0x3915c; grp 001.1 engine speed [COMMUNITY] + fmt 0x01 A=0xC8 -> 40 rpm/LSB; tools/measuring_vars.py
2,0x7fef74,1,cand_mw_rl,fmt=0x21 A=0x85,handler 0x3916c; grp 002.2 engine load [COMMUNITY] + fmt 0x21 A=0x85 -> %; tools/measuring_vars.py
3,0x80303a,2,,fmt=0x21 A=0x11,handler 0x3917c; tools/measuring_vars.py
4,0x803030,2,,fmt=0x21 A=0x11,handler 0x39184; tools/measuring_vars.py
7,0x7fcfeb,1,,fmt=0x21 A=0xff,handler 0x3918c; tools/measuring_vars.py
8,0x8035e6,2,,fmt=0x21 A=0xff,handler 0x391a8; tools/measuring_vars.py
9,0x7fef87,1,,fmt=0x1b A=0x4b,handler 0x391c4; tools/measuring_vars.py
10,0x7fefa2,2,cand_mw_ml,fmt=0x19,handler 0x391dc; grp 003.2 mass air flow [COMMUNITY] + fmt 0x19 -> g/s; tools/measuring_vars.py
13,0x8021ef,1,,fmt=0x10 A=0xff,"handler 0x3920c; also reads 0x7fce95/1,0x7fcfeb/1,0x7fd1dd/1,0x7fecbf/1,0x7fe874/1,0x801a75/1+more; tools/measuring_vars.py"
14,0x7fce96,1,cand_mw_nmot_fine,fmt=0x01 A=0x32,handler 0x392e8; grp 050.1 [HYPOTHESIS] + fmt 0x01 A=0x32 -> 10 rpm/LSB; RAM byte adjacent to id 1; tools/measuring_vars.py
15,0x802529,1,cand_mw_nsoll,fmt=0x01 A=0x32,handler 0x392f8; grp 050.2 idle speed setpoint [HYPOTHESIS] + fmt 0x01 A=0x32; tools/measuring_vars.py
16,0x803594,2,,fmt=0x34,handler 0x39308; tools/measuring_vars.py
17,0x7fd472,1,,fmt=0x21 A=0xff,handler 0x3935c; tools/measuring_vars.py
18,0x803598,2,,fmt=0x21 A=0xff,handler 0x39378; tools/measuring_vars.py
19,0x8035a4,2,,fmt=0x14 A=0x19,handler 0x39394; tools/measuring_vars.py
20,0x7fe874,1,,fmt=0x10 A=0x3f,"handler 0x393dc; also reads 0x80223a/1,0x7fe877/1,0x7fd0b6/1; tools/measuring_vars.py"
21,0x8035f4,2,,fmt=0x21 A=0xff,handler 0x3945c; tools/measuring_vars.py
22,0x803600,2,,fmt=0x21 A=0xff,handler 0x39478; tools/measuring_vars.py
25,0x802257,1,,fmt=0x07 A=0x7d,handler 0x39494; tools/measuring_vars.py
28,0x802e00,2,,fmt=0x14 A=0x32,handler 0x394a4; tools/measuring_vars.py
29,0x802df8,2,,fmt=0x14 A=0x32,handler 0x394f8; tools/measuring_vars.py
31,0x801e5a,2,,fmt=0x14 A=0x0c,handler 0x3954c; tools/measuring_vars.py
32,0x801e48,2,,fmt=0x14 A=0x0c,handler 0x39594; tools/measuring_vars.py
33,0x801e36,2,,fmt=0x14 A=0x32,handler 0x395dc; tools/measuring_vars.py
34,0x801e28,2,,fmt=0x14 A=0x32,handler 0x39630; tools/measuring_vars.py
39,0x803010,2,,fmt=0x42 A=0x0a,handler 0x39684; tools/measuring_vars.py
40,0x80300a,2,,fmt=0x42 A=0x0a,handler 0x396c4; tools/measuring_vars.py
41,0x802fea,2,,fmt=0x1f A=0x14,handler 0x39704; tools/measuring_vars.py
42,0x802fe8,2,,fmt=0x1f A=0x14,handler 0x39730; tools/measuring_vars.py
43,0x80304a,2,,fmt=0x1f A=0x14,handler 0x3975c; tools/measuring_vars.py
44,0x803048,2,,fmt=0x1f A=0x14,handler 0x39788; tools/measuring_vars.py
45,0x802bea,2,,fmt=0x1f A=0x14,handler 0x397b4; tools/measuring_vars.py
46,0x802be8,2,,fmt=0x1f A=0x14,handler 0x397e0; tools/measuring_vars.py
47,0x7fd1dd,1,,fmt=0x10 A=0x1f,"handler 0x3980c; also reads 0x7fd1b2/1,0x80150c/1,0x801cd4/1; tools/measuring_vars.py"
48,0x801c96,1,,fmt=0x10 A=0x0f,"handler 0x3987c; also reads 0x7fd22b/1,0x7fea1a/1; tools/measuring_vars.py"
49,0x7fd1de,1,,fmt=0x10 A=0x1f,"handler 0x398e8; also reads 0x7fd1b2/1,0x80150d/1,0x801cd4/1; tools/measuring_vars.py"
50,0x801c97,1,,fmt=0x10 A=0x0f,"handler 0x39958; also reads 0x7fd22c/1,0x7fea1b/1; tools/measuring_vars.py"
51,0x7f9425,1,,fmt=0x22 A=0x4b,handler 0x399c4; tools/measuring_vars.py
52,0x8020ae,2,,fmt=0x15 A=0x9c,handler 0x399dc; tools/measuring_vars.py
53,0x7f9426,1,,fmt=0x22 A=0x4b,handler 0x399f0; tools/measuring_vars.py
54,0x8020b0,2,,fmt=0x15 A=0x9c,handler 0x39a08; tools/measuring_vars.py
55,0x7f9427,1,,fmt=0x22 A=0x4b,handler 0x39a1c; tools/measuring_vars.py
56,0x8020b2,2,,fmt=0x15 A=0x9c,handler 0x39a34; tools/measuring_vars.py
57,0x7f9428,1,,fmt=0x22 A=0x4b,handler 0x39a48; tools/measuring_vars.py
58,0x8020b4,2,,fmt=0x15 A=0x9c,handler 0x39a60; tools/measuring_vars.py
59,0x7f9429,1,,fmt=0x22 A=0x4b,handler 0x39a74; tools/measuring_vars.py
60,0x8020b6,2,,fmt=0x15 A=0x9c,handler 0x39a8c; tools/measuring_vars.py
61,0x7fce76,1,,fmt=0x22 A=0x4b,handler 0x39aa0; tools/measuring_vars.py
62,0x8020b8,2,,fmt=0x15 A=0x9c,handler 0x39ab8; tools/measuring_vars.py
67,0x7fcfd3,1,,fmt=0x14 A=0x64,handler 0x39acc; tools/measuring_vars.py
68,0x800eda,2,,fmt=0x14 A=0x64,handler 0x39af8; tools/measuring_vars.py
69,0x801076,2,,fmt=0x21 A=0x85,handler 0x39b24; tools/measuring_vars.py
71,0x80108e,2,,fmt=0x21 A=0x43,handler 0x39b4c; tools/measuring_vars.py
74,0x7fd588,4,,fmt=0x16 A=0xff,handler 0x39b74; tools/measuring_vars.py
80,0x8021ef,1,cand_mw_tmot,fmt=0x05 A=0x0a,handler 0x39ba4; grp 001.2 coolant temperature [COMMUNITY] + fmt 0x05 A=0x0A -> degC; tools/measuring_vars.py
81,0x80345e,2,,fmt=0x15 A=0x5e,handler 0x39bc8; tools/measuring_vars.py
83,0x7fd5a0,4,,fmt=0x16 A=0xff,handler 0x39bdc; tools/measuring_vars.py
84,0x7fefae,2,,fmt=0x12 A=0xfa,handler 0x39c0c; tools/measuring_vars.py
85,0x8021cc,1,,fmt=0x05 A=0x0a,handler 0x39c20; tools/measuring_vars.py
86,0x80225e,2,,fmt=0x07 A=0x64,handler 0x39c44; tools/measuring_vars.py
87,0x7fce08,1,,fmt=0x25 A=0x00,"handler 0x39c6c; also reads 0x7fecf8/1,0x7fd442/1,0x7fecbf/1; tools/measuring_vars.py"
88,0x7fce57,1,,fmt=0x22 A=0x4b,handler 0x39cd0; tools/measuring_vars.py
89,0x7fce58,1,,fmt=0x22 A=0x4b,handler 0x39ce8; tools/measuring_vars.py
90,0x7fce59,1,,fmt=0x22 A=0x4b,handler 0x39d00; tools/measuring_vars.py
91,0x7fce5a,1,,fmt=0x22 A=0x4b,handler 0x39d18; tools/measuring_vars.py
92,0x7fce5b,1,,fmt=0x22 A=0x4b,handler 0x39d30; tools/measuring_vars.py
93,0x7fce5c,1,,fmt=0x22 A=0x4b,handler 0x39d48; tools/measuring_vars.py
94,0x7fce5d,1,,fmt=0x22 A=0x4b,handler 0x39d60; tools/measuring_vars.py
95,0x7fce5e,1,,fmt=0x22 A=0x4b,handler 0x39d78; tools/measuring_vars.py
96,0x7f9b36,1,,fmt=0x01 A=0xc8,handler 0x39d90; also reads 0x7f9da1/1; tools/measuring_vars.py
97,0x7f9b37,1,,fmt=0x01 A=0xc8,handler 0x39dc4; also reads 0x7f9da1/1; tools/measuring_vars.py
98,0x7f9b34,1,,fmt=0x21 A=0xff,handler 0x39df8; also reads 0x7f9da1/1; tools/measuring_vars.py
99,0x7f9b35,1,,fmt=0x21 A=0xff,handler 0x39e2c; also reads 0x7f9da1/1; tools/measuring_vars.py
100,0x7fef85,1,,fmt=0x1b A=0x4b,handler 0x39e60; tools/measuring_vars.py
101,0x8033b2,2,,fmt=0x36,handler 0x39e78; tools/measuring_vars.py
102,0x80265f,1,,fmt=0x21 A=0xc8,handler 0x39e88; tools/measuring_vars.py
103,0x800fa8,2,,fmt=0x1f A=0x28,handler 0x39e98; tools/measuring_vars.py
106,0x801a74,1,,fmt=0x61 A=0x0a,handler 0x39eac; tools/measuring_vars.py
111,0x7f9d8f,1,,fmt=0x25 A=0x00,handler 0x39ebc; also reads 0x7fd1bd/1; tools/measuring_vars.py
112,0x7f9d91,1,,fmt=0x25 A=0x00,handler 0x39f10; also reads 0x7fd1bd/1; tools/measuring_vars.py
113,0x7f9d77,1,,fmt=0x25 A=0x00,handler 0x39f60; also reads 0x7fd22b/1; tools/measuring_vars.py
114,0x7f9d79,1,,fmt=0x25 A=0x00,handler 0x39fb8; also reads 0x7fd22c/1; tools/measuring_vars.py
115,0x7f9d8f,1,,fmt=0x25 A=0x00,"handler 0x3a010; also reads 0x7fed6c/2,0x801c96/1; tools/measuring_vars.py"
116,0x7f9d91,1,,fmt=0x25 A=0x00,"handler 0x3a06c; also reads 0x7fed6c/2,0x801c97/1; tools/measuring_vars.py"
117,0x801a75,1,,fmt=0x61 A=0x0a,handler 0x3a0c8; tools/measuring_vars.py
120,0x803008,2,,fmt=0x50,handler 0x3a0d8; also reads 0x7fd249/1; tools/measuring_vars.py
121,0x803006,2,,fmt=0x50,handler 0x3a14c; also reads 0x7fd249/1; tools/measuring_vars.py
122,0x80150c,1,,fmt=0x25 A=0x00,handler 0x3a1c0; tools/measuring_vars.py
123,0x7fea1a,1,,fmt=0x25 A=0x00,handler 0x3a1e8; tools/measuring_vars.py
124,0x80150d,1,,fmt=0x25 A=0x00,handler 0x3a210; tools/measuring_vars.py
125,0x7fea1b,1,,fmt=0x25 A=0x00,handler 0x3a238; tools/measuring_vars.py
130,0x80223b,1,,fmt=0x36 A=0x00,handler 0x3a260; tools/measuring_vars.py
131,0x7fe877,1,,fmt=0x25 A=0x00,handler 0x3a288; tools/measuring_vars.py
132,0x7fe875,1,,fmt=0x25 A=0x01,handler 0x3a2ac; also reads 0x7fe874/1; tools/measuring_vars.py
133,0x8020d7,1,,fmt=0x21 A=0xff,handler 0x3a30c; tools/measuring_vars.py
134,0x7fcfd9,1,,fmt=0x21 A=0xff,handler 0x3a328; tools/measuring_vars.py
135,0x80355a,2,,fmt=0x14 A=0x19,handler 0x3a344; tools/measuring_vars.py
136,0x7fefac,2,,fmt=0x19,handler 0x3a38c; tools/measuring_vars.py
137,0x7f9c51,1,,fmt=0x10 A=0xff,"handler 0x3a3bc; also reads 0x7f9ce9/1,0x7f9d67/1,0x7f9d65/1; tools/measuring_vars.py"
138,0x7f9c63,1,,fmt=0x10 A=0xff,"handler 0x3a42c; also reads 0x7f9d69/1,0x7f9d71/1,0x7f9cb9/1,0x7f9e2f/1,0x7f9e07/1,0x7f9ca5/1+more; tools/measuring_vars.py"
139,0x7f9dfb,1,,fmt=0x10 A=0xff,"handler 0x3a4ec; also reads 0x7f9e03/1,0x7f9d03/1,0x7f9cf7/1,0x7f9dc9/1,0x7f9cf5/1,0x7f9dc7/1; tools/measuring_vars.py"
140,0x7f9ce9,1,,fmt=0x25 A=0x00,"handler 0x3a58c; also reads 0x7f9ceb/1,0x8010c5/1; tools/measuring_vars.py"
141,0x7fe90e,1,,fmt=0x25 A=0x00,handler 0x3a5f4; tools/measuring_vars.py
142,0x7fe9b4,1,,fmt=0x10 A=0xff,"handler 0x3a61c; also reads 0x7fd1b0/1,0x7f91ca/1,0x801348/1,0x7fd1ae/1,0x7fe9a8/1; indexed-access base 0x7f8890; tools/measuring_vars.py"
143,0x7fcfbb,1,,fmt=0x25 A=0x01,handler 0x3a708; tools/measuring_vars.py
144,0x7fe8aa,1,,fmt=0x25 A=0x00,handler 0x3a7ac; tools/measuring_vars.py
145,0x802bb4,2,,fmt=0x34 A=0xf5,handler 0x3a7d4; tools/measuring_vars.py
146,0x802b8a,2,,fmt=0x34 A=0xf5,handler 0x3a81c; also reads 0x802b8c/2; tools/measuring_vars.py
147,0x802650,2,,fmt=0x34 A=0xf5,handler 0x3a878; also reads 0x803598/2; tools/measuring_vars.py
148,0x802b8a,2,,fmt=0x25 A=0x00,"handler 0x3a8e0; also reads 0x80360e/2,0x802b8c/2,0x803600/2; tools/measuring_vars.py"
149,0x802bae,2,,fmt=0x25 A=0x00,"handler 0x3a91c; also reads 0x80360e/2,0x802bb4/2,0x803600/2; tools/measuring_vars.py"
150,0x7fd291,1,,fmt=0x25 A=0x00,handler 0x3a958; tools/measuring_vars.py
151,0x800ee6,2,,fmt=0x12 A=0x7d,handler 0x3a988; tools/measuring_vars.py
154,0x80344e,2,,fmt=0x17 A=0x64,handler 0x3a9b0; tools/measuring_vars.py
155,0x803450,2,,fmt=0x17 A=0x64,handler 0x3a9d8; tools/measuring_vars.py
156,0x803456,2,,fmt=0x17 A=0x64,handler 0x3aa00; tools/measuring_vars.py
157,0x803458,2,,fmt=0x17 A=0x64,handler 0x3aa28; tools/measuring_vars.py
164,0x7fcfcd,1,,fmt=0x36 A=0x00,handler 0x3aa50; tools/measuring_vars.py
165,0x7f9d65,1,,fmt=0x25 A=0x00,"handler 0x3aa60; also reads 0x7f9d67/1,0x7feaa3/1; tools/measuring_vars.py"
166,0x7fcfcc,1,,fmt=0x25 A=0x00,"handler 0x3aaec; also reads 0x7f9150/1,0x7fed74/2,0x7fcfd5/1; tools/measuring_vars.py"
167,0x801e7d,1,,fmt=0x08 A=0x0a,handler 0x3ac18; tools/measuring_vars.py
168,0x803132,2,,fmt=0x14 A=0x40,handler 0x3ac28; tools/measuring_vars.py
169,0x803116,2,,fmt=0x21 A=0xff,handler 0x3ac44; also reads 0x803146/2; calls 0x40c2bc; tools/measuring_vars.py
170,0x8030fe,2,,fmt=0x17 A=0x64,handler 0x3ac90; tools/measuring_vars.py
171,0x80315c,2,,fmt=0x14 A=0x18,handler 0x3aca4; tools/measuring_vars.py
172,0x7f917e,1,,fmt=0x10 A=0xff,handler 0x3acf0; tools/measuring_vars.py
173,0x7f9d4b,1,,fmt=0x10 A=0xff,"handler 0x3ad64; also reads 0x7f9d4d/1,0x7f9dff/1,0x7f9d3f/1,0x7f9cb9/1,0x7f9d37/1,0x7f9d41/1+more; tools/measuring_vars.py"
174,0x7f9d4b,1,,fmt=0x10 A=0xff,"handler 0x3ae30; also reads 0x7f9d4d/1,0x7f9dff/1,0x7f9d3f/1,0x7f9cb9/1,0x7f9d43/1,0x7f9d37/1+more; tools/measuring_vars.py"
175,0x7f9d29,1,,fmt=0x10 A=0xff,"handler 0x3af40; also reads 0x7f9e23/1,0x7f9d7b/1,0x7f9d7f/1,0x7f9d87/1,0x7f9d8b/1,0x7f9d83/1+more; tools/measuring_vars.py"
176,0x7f9d2b,1,,fmt=0x10 A=0xff,"handler 0x3b030; also reads 0x7f9e25/1,0x7f9d7d/1,0x7f9d81/1,0x7f9d89/1,0x7f9d8d/1,0x7f9d85/1+more; tools/measuring_vars.py"
177,0x7f9d29,1,,fmt=0x10 A=0xff,"handler 0x3b120; also reads 0x7f9e23/1,0x7f9d7b/1,0x7f9d7f/1,0x7f9d87/1,0x7f9d8b/1,0x7f9d83/1+more; tools/measuring_vars.py"
178,0x7f9d2b,1,,fmt=0x10 A=0xff,"handler 0x3b210; also reads 0x7f9e25/1,0x7f9d7d/1,0x7f9d81/1,0x7f9d89/1,0x7f9d8d/1,0x7f9d85/1+more; tools/measuring_vars.py"
181,0x80211c,2,,fmt=0x22 A=0x64,handler 0x3b300; also reads 0x7f949c/1; tools/measuring_vars.py
183,0x801166,2,,fmt=0x22 A=0x64,handler 0x3b31c; tools/measuring_vars.py
188,0x8022a4,2,,fmt=0x14 A=0x80,handler 0x3b360; tools/measuring_vars.py
192,0x8024a1,1,,fmt=0x07 A=0x64,handler 0x3b3a8; also reads 0x7fcdff/1; tools/measuring_vars.py
193,0x7fecd6,1,,fmt=0x10 A=0xff,"handler 0x3b3f4; also reads 0x7fecd7/1,0x7fecdc/1,0x7fcdff/1,0x802477/1; tools/measuring_vars.py"
194,0x7feb93,1,,fmt=0x10 A=0xff,"handler 0x3b4c4; also reads 0x7feb92/1,0x7fd43a/1,0x7fd120/1,0x7fec60/1,0x7fd121/1; tools/measuring_vars.py"
195,0x7f9dff,1,,fmt=0x25 A=0x00,handler 0x3b604; also reads 0x801e7a/1; tools/measuring_vars.py
199,0x7fce77,1,,fmt=0x22 A=0x4b,handler 0x3b654; tools/measuring_vars.py
205,0x8028ea,2,,fmt=0x19,handler 0x3b66c; tools/measuring_vars.py
206,0x800faa,2,,fmt=0x1f A=0x28,handler 0x3b69c; tools/measuring_vars.py
210,0x801ecf,1,,fmt=0x14 A=0x64,handler 0x3b6b0; tools/measuring_vars.py
211,0x802ac2,2,,fmt=0x3c,handler 0x3b6c8; tools/measuring_vars.py
212,0x7fd1dd,1,,fmt=0x25 A=0x00,handler 0x3b6dc; tools/measuring_vars.py
213,0x7f9cf9,1,,fmt=0x25 A=0x00,"handler 0x3b704; also reads 0x7f9cfb/1,0x7fd2a0/1; tools/measuring_vars.py"
214,0x7f9dc7,1,,fmt=0x25 A=0x00,"handler 0x3b774; also reads 0x7f9dc9/1,0x801e65/1; tools/measuring_vars.py"
215,0x7f9cf5,1,,fmt=0x25 A=0x00,"handler 0x3b7e4; also reads 0x7f9cf7/1,0x801e64/1; tools/measuring_vars.py"
218,0x802b08,2,,fmt=0x25 A=0x01,"handler 0x3b854; also reads 0x7fd094/1,0x7f9c8f/1; tools/measuring_vars.py"
219,0x7fef8f,1,,fmt=0x25 A=0x01,"handler 0x3b8c4; also reads 0x7fef93/1,0x802b2e/2,0x802b32/2,0x802b36/2,0x7fd0d8/1,0x7f9c8f/1; tools/measuring_vars.py"
220,0x7fcdff,1,,fmt=0x25 A=0x01,"handler 0x3b9c0; also reads 0x7fe962/1,0x7f9c8f/1; tools/measuring_vars.py"
221,0x7fef93,1,,fmt=0x25 A=0x01,"handler 0x3ba30; also reads 0x7fef8f/1,0x7fe980/1,0x7f9c8f/1; tools/measuring_vars.py"
222,0x7f9398,2,,fmt=0x3d A=0xff,handler 0x3bab8; tools/measuring_vars.py
223,0x7f9396,2,,fmt=0x3d A=0xff,handler 0x3bb00; tools/measuring_vars.py
224,0x8033b6,2,,fmt=0x36,handler 0x3bb48; tools/measuring_vars.py
225,0x8033b8,2,,fmt=0x36,handler 0x3bb58; tools/measuring_vars.py
226,0x8033ba,2,,fmt=0x36,handler 0x3bb68; tools/measuring_vars.py
227,0x8033bc,2,,fmt=0x36,handler 0x3bb78; tools/measuring_vars.py
228,0x8033be,2,,fmt=0x36,handler 0x3bb88; tools/measuring_vars.py
229,0x8033c0,2,,fmt=0x36,handler 0x3bb98; tools/measuring_vars.py
230,0x8033c2,2,,fmt=0x36,handler 0x3bba8; tools/measuring_vars.py
231,0x8033c4,2,,fmt=0x36,handler 0x3bbb8; tools/measuring_vars.py
232,0x7feb42,1,,fmt=0x25 A=0x00,handler 0x3bbc8; tools/measuring_vars.py
256,0x802dfe,2,,fmt=0x14 A=0x64,handler 0x3bbf0; tools/measuring_vars.py
257,0x802dfc,2,,fmt=0x14 A=0x64,handler 0x3bc04; tools/measuring_vars.py
282,0x8027f6,2,,fmt=0x12 A=0xfa,handler 0x3bc18; tools/measuring_vars.py
284,0x7feb74,1,,fmt=0x25 A=0x00,"handler 0x3bc2c; also reads 0x7fed76/2,0x7fd47b/1; tools/measuring_vars.py"
285,0x7feb74,1,,fmt=0x25 A=0x00,handler 0x3bc98; also reads 0x7fd47c/1; tools/measuring_vars.py
290,0x801e94,2,,fmt=0x35,handler 0x3bd34; tools/measuring_vars.py
291,0x801ea0,2,,fmt=0x1f A=0xa0,handler 0x3bd3c; tools/measuring_vars.py
293,0x803134,2,,fmt=0x21 A=0xff,handler 0x3bd54; tools/measuring_vars.py
294,0x801ea6,2,,fmt=0x19,handler 0x3bd68; tools/measuring_vars.py
295,0x7f9400,2,,fmt=0x21 A=0x80,handler 0x3bd9c; also reads 0x7f9402/1; tools/measuring_vars.py
296,0x801bfe,2,,fmt=0x3d A=0xff,handler 0x3bdec; tools/measuring_vars.py
297,0x801bf8,2,,fmt=0x3d A=0xff,handler 0x3be2c; tools/measuring_vars.py
300,0x802e04,2,,fmt=0x3d A=0x80,handler 0x3be6c; tools/measuring_vars.py
301,0x802e02,2,,fmt=0x3d A=0x80,handler 0x3be88; tools/measuring_vars.py
302,0x80188a,2,,fmt=0x19,handler 0x3bea4; tools/measuring_vars.py
303,0x801880,2,,fmt=0x19,handler 0x3bed4; tools/measuring_vars.py
308,0x801a70,1,,fmt=0x61 A=0x0a,handler 0x3bf04; tools/measuring_vars.py
309,0x801a71,1,,fmt=0x61 A=0x0a,handler 0x3bf14; tools/measuring_vars.py
316,0x801a9a,2,,fmt=0x50,handler 0x3bf24; tools/measuring_vars.py
317,0x801a98,2,,fmt=0x50,handler 0x3bf5c; tools/measuring_vars.py
318,0x801bd1,1,,fmt=0x1f A=0x1a,handler 0x3bf94; tools/measuring_vars.py
319,0x801bd2,1,,fmt=0x1f A=0x1a,handler 0x3bfa4; tools/measuring_vars.py
320,0x802cde,2,,fmt=0x1f A=0xa0,handler 0x3bfb4; tools/measuring_vars.py
321,0x802cdc,2,,fmt=0x1f A=0xa0,handler 0x3bfcc; tools/measuring_vars.py
322,0x801b64,2,,fmt=0x21 A=0xff,handler 0x3bfe4; tools/measuring_vars.py
323,0x801b6c,2,,fmt=0x1f A=0x14,handler 0x3c000; tools/measuring_vars.py
324,0x801b6a,2,,fmt=0x1f A=0x14,handler 0x3c02c; tools/measuring_vars.py
330,0x801b7e,2,,fmt=0x3c,handler 0x3c058; tools/measuring_vars.py
331,0x801b78,2,,fmt=0x3c,handler 0x3c088; tools/measuring_vars.py
350,0x7f93aa,2,,fmt=0x36,handler 0x3c0b8; tools/measuring_vars.py
353,0x7f919a,2,,fmt=0x5c A=0x01,handler 0x3c0c8; tools/measuring_vars.py
357,0x801e90,2,,fmt=0x35,handler 0x3c138; tools/measuring_vars.py
358,0x801eb0,2,,fmt=0x21 A=0x80,handler 0x3c140; tools/measuring_vars.py
359,0x801e9a,2,,fmt=0x14 A=0x32,handler 0x3c154; tools/measuring_vars.py
360,0x7fd2c3,1,,fmt=0x21 A=0xff,handler 0x3c194; tools/measuring_vars.py
364,0x800fae,2,,fmt=0x1f A=0x28,handler 0x3c1b0; tools/measuring_vars.py
365,0x7f9c22,2,,fmt=0x14 A=0x19,handler 0x3c1c4; tools/measuring_vars.py
366,0x7f9c20,2,,fmt=0x14 A=0x19,handler 0x3c20c; tools/measuring_vars.py
367,0x7f9c1e,2,,fmt=0x14 A=0x19,handler 0x3c254; tools/measuring_vars.py
368,0x7f9c1c,2,,fmt=0x14 A=0x19,handler 0x3c29c; tools/measuring_vars.py
370,0x8022ce,2,,fmt=0x19,handler 0x3c2e4; tools/measuring_vars.py
371,0x8022d0,2,,fmt=0x19,handler 0x3c2ec; tools/measuring_vars.py
372,0x7f9420,1,,fmt=0x25 A=0x00,handler 0x3c2f4; tools/measuring_vars.py
373,0x7fcfca,1,,fmt=0x36 A=0x00,handler 0x3c31c; tools/measuring_vars.py
374,0x80327e,2,,fmt=0x21 A=0xff,handler 0x3c32c; tools/measuring_vars.py
375,0x803510,2,,fmt=0x21 A=0x80,handler 0x3c348; tools/measuring_vars.py
376,0x801cda,2,,fmt=0x1f A=0x14,handler 0x3c35c; tools/measuring_vars.py
377,0x80160c,2,,fmt=0x1f A=0x14,handler 0x3c388; tools/measuring_vars.py
378,0x7f9d6b,1,,fmt=0x25,handler 0x3c3b4; also reads 0x7fd212/1; tools/measuring_vars.py
379,0x7f9d6d,1,,fmt=0x25,handler 0x3c430; also reads 0x7fd214/1; tools/measuring_vars.py
380,0x7f9420,1,,fmt=0x10 A=0xff,handler 0x3c4ac; also reads 0x7fea6b/1; tools/measuring_vars.py
381,0x7f93ac,1,,fmt=0x10 A=0xff,"handler 0x3c4e8; also reads 0x7fd2a1/1,0x7f9cf5/1,0x7f9dc7/1; tools/measuring_vars.py"
382,0x7feb3f,1,,fmt=0x10 A=0xff,handler 0x3c59c; also reads 0x7feb12/1; tools/measuring_vars.py
383,0x7feb16,1,,fmt=0x10 A=0xff,handler 0x3c5dc; also reads 0x7feafe/1; tools/measuring_vars.py
384,0x7f961d,1,,fmt=0x10 A=0xff,handler 0x3c61c; tools/measuring_vars.py
385,0x7f961e,1,,fmt=0x10 A=0xff,handler 0x3c6cc; tools/measuring_vars.py
386,0x7f961f,1,,fmt=0x10 A=0xff,handler 0x3c77c; tools/measuring_vars.py
387,0x7feb34,1,,fmt=0x10 A=0xff,"handler 0x3c82c; also reads 0x7feaf7/1,0x7feaf8/1; tools/measuring_vars.py"
388,0x7fd213,1,,fmt=0x10 A=0xff,"handler 0x3c880; also reads 0x7fd22b/1,0x7fd212/1; tools/measuring_vars.py"
389,0x7fd212,1,,fmt=0x10 A=0xff,"handler 0x3c924; also reads 0x7f9d6b/1,0x7fd217/1; tools/measuring_vars.py"
393,0x7fd22e,1,,fmt=0x10 A=0xff,"handler 0x3c9b8; also reads 0x7fd229/1,0x7fd22d/1,0x7fd22b/1,0x7f9d77/1; tools/measuring_vars.py"
399,0x7fd2be,1,,fmt=0x10 A=0xff,"handler 0x3ca68; also reads 0x7fea5b/1,0x7fd2bd/1,0x7fd2c2/1,0x7f9dff/1; tools/measuring_vars.py"
400,0x7fd2be,1,,fmt=0x10 A=0xff,"handler 0x3cb2c; also reads 0x7fd2c0/1,0x7fea5b/1,0x7fd2bd/1,0x7f9dff/1; tools/measuring_vars.py"
405,0x7fec2b,1,,fmt=0x10 A=0xff,"handler 0x3cbc8; also reads 0x7fec2a/1,0x7fec2d/1,0x7fec2c/1,0x7f9d75/1,0x7f9ca5/1,0x800fc4/1; tools/measuring_vars.py"
406,0x7fd46a,1,,fmt=0x10 A=0xff,"handler 0x3cc7c; also reads 0x801e7a/1,0x802520/1,0x7f9d71/1,0x7f9cb9/1; tools/measuring_vars.py"
407,0x7fe89b,1,,fmt=0x10 A=0xff,handler 0x3cd2c; also reads 0x7f9d75/1; tools/measuring_vars.py
408,0x7f9150,1,,fmt=0x10 A=0xff,"handler 0x3cd80; also reads 0x7fcfc7/1,0x7fe8cc/1,0x7fcfc8/1,0x7f9cbd/1,0x7f9ccf/1; tools/measuring_vars.py"
409,0x7f9cc3,1,,fmt=0x10 A=0xff,"handler 0x3ce44; also reads 0x7f9cc9/1,0x7f9cbd/1,0x7f9ccf/1,0x7fd486/1; tools/measuring_vars.py"
410,0x7fed6c,2,,fmt=0x10 A=0xff,"handler 0x3cef8; also reads 0x80156f/1,0x801cd4/1,0x7fea38/1,0x7fe9f9/1,0x7fd25d/1; tools/measuring_vars.py"
411,0x7fd291,1,,fmt=0x10 A=0xff,handler 0x3cf94; also reads 0x7fea35/1; tools/measuring_vars.py
416,0x802538,1,,fmt=0x21 A=0xff,handler 0x3cfd0; tools/measuring_vars.py
417,0x7fd0b9,1,,fmt=0x0e A=0x28,handler 0x3cfec; tools/measuring_vars.py
418,0x802dce,2,,fmt=0x42 A=0x0a,handler 0x3cffc; tools/measuring_vars.py
424,0x801352,2,,fmt=0x36 A=0x00,handler 0x3d024; tools/measuring_vars.py
425,0x801354,2,,fmt=0x36 A=0x00,handler 0x3d034; tools/measuring_vars.py
426,0x80134a,2,,fmt=0x36 A=0x00,handler 0x3d044; tools/measuring_vars.py
427,0x7fd1b6,1,,fmt=0x36 A=0x00,handler 0x3d054; tools/measuring_vars.py
430,0x7fef93,1,,fmt=0x25 A=0x01,"handler 0x3d064; also reads 0x7fef8f/1,0x7f918b/1,0x7fd13c/1,0x7f9c8f/1; tools/measuring_vars.py"
432,0x7f939c,1,,fmt=0x14 A=0x64,handler 0x3d140; tools/measuring_vars.py
433,0x7f939d,1,,fmt=0x14 A=0x64,handler 0x3d150; tools/measuring_vars.py
434,0x7f939e,1,,fmt=0x14 A=0x64,handler 0x3d160; tools/measuring_vars.py
437,0x80281e,2,,fmt=0x21 A=0x85,handler 0x3d170; tools/measuring_vars.py
438,0x802822,2,,fmt=0x21 A=0x85,handler 0x3d198; tools/measuring_vars.py
440,0x7fcf9c,1,,fmt=0x11 A=0x4e,handler 0x3d1c0; tools/measuring_vars.py
442,0x8021f6,1,,fmt=0x05 A=0x0a,handler 0x3d1e4; tools/measuring_vars.py
443,0x7f9b3a,1,,fmt=0x0a A=0x80,handler 0x3d208; tools/measuring_vars.py
444,0x7fd39b,1,,fmt=0x36 A=0x00,handler 0x3d230; tools/measuring_vars.py
448,0x7feb3f,1,,fmt=0x25 A=0x00,handler 0x3d240; tools/measuring_vars.py
449,0x7feb38,1,,fmt=0x25 A=0x00,handler 0x3d268; tools/measuring_vars.py
450,0x7feb36,1,,fmt=0x25 A=0x00,handler 0x3d290; tools/measuring_vars.py
451,0x7feaff,1,,fmt=0x25,handler 0x3d2b8; tools/measuring_vars.py
452,0x7feafd,1,,fmt=0x25,handler 0x3d2e0; tools/measuring_vars.py
453,0x7fef93,1,,fmt=0x25 A=0x01,"handler 0x3d308; also reads 0x7fef8f/1,0x7fe929/1,0x7f9c8f/1; tools/measuring_vars.py"
454,0x7f9b55,1,,fmt=0x37 A=0xc8,handler 0x3d390; tools/measuring_vars.py
455,0x7f9b56,2,,fmt=0x3e A=0x7d,handler 0x3d3a0; tools/measuring_vars.py
456,0x7f9b54,1,,fmt=0x36 A=0x00,handler 0x3d3cc; tools/measuring_vars.py
457,0x7f9b58,1,,fmt=0x10 A=0x03,handler 0x3d3dc; tools/measuring_vars.py
461,0x802a3c,2,,fmt=0x22 A=0x32,handler 0x3d414; tools/measuring_vars.py
462,0x802a3a,2,,fmt=0x22 A=0x32,handler 0x3d458; tools/measuring_vars.py
463,0x802a36,2,,fmt=0x22 A=0x32,handler 0x3d49c; tools/measuring_vars.py
464,0x802a34,2,,fmt=0x22 A=0x32,handler 0x3d4e0; tools/measuring_vars.py
465,0x7f9c32,2,,fmt=0x17 A=0x64,handler 0x3d524; also reads 0x7feb74/1; tools/measuring_vars.py
472,0x7f9156,2,,fmt=0x15 A=0x14,handler 0x3d590; tools/measuring_vars.py
473,0x7f915c,2,,fmt=0x15 A=0x14,handler 0x3d5bc; tools/measuring_vars.py
474,0x7f9152,2,,fmt=0x15 A=0x14,handler 0x3d5e8; tools/measuring_vars.py
475,0x7f9154,2,,fmt=0x15 A=0x14,handler 0x3d614; tools/measuring_vars.py
476,0x800d7a,1,,fmt=0x21 A=0xff,handler 0x3d640; tools/measuring_vars.py
480,0x7fd3f9,1,,fmt=0x05 A=0x0a,handler 0x3d65c; tools/measuring_vars.py
481,0x7febed,1,,fmt=0x25 A=0x01,handler 0x3d680; tools/measuring_vars.py
482,0x802138,2,,fmt=0x22 A=0x32,handler 0x3d6b8; tools/measuring_vars.py
483,0x802136,2,,fmt=0x22 A=0x32,handler 0x3d6fc; tools/measuring_vars.py
484,0x801ad2,2,,fmt=0x1f A=0xa0,handler 0x3d740; tools/measuring_vars.py
485,0x801ad0,2,,fmt=0x1f A=0xa0,handler 0x3d758; tools/measuring_vars.py
486,0x7f9d4b,1,,fmt=0x25 A=0x00,handler 0x3d770; also reads 0x801b1a/1; tools/measuring_vars.py
487,0x7f9d4d,1,,fmt=0x25 A=0x00,handler 0x3d7c0; also reads 0x801b1b/1; tools/measuring_vars.py
491,0x802262,2,,fmt=0x07 A=0x64,handler 0x3d810; tools/measuring_vars.py
492,0x802dcc,2,,fmt=0x42 A=0x0a,handler 0x3d838; tools/measuring_vars.py
493,0x80113e,2,,fmt=0x22 A=0x32,handler 0x3d860; tools/measuring_vars.py
494,0x7fef1e,2,,fmt=0x36,handler 0x3d880; tools/measuring_vars.py
495,0x7f9142,2,,fmt=0x3d A=0xff,handler 0x3d898; tools/measuring_vars.py
496,0x801348,1,,fmt=0x10 A=0xff,"handler 0x3d8e4; also reads 0x7f9d65/1,0x7f9d67/1,0x7fea81/1,0x802122/1,0x7fea8d/1,0x7fea88/1; tools/measuring_vars.py"
497,0x801348,1,,fmt=0x10 A=0xff,"handler 0x3d9b0; also reads 0x7f9e2f/1,0x7fecf8/1; tools/measuring_vars.py"
498,0x801348,1,,fmt=0x10 A=0xff,"handler 0x3da1c; also reads 0x7f9d3f/1,0x7f9cb9/1,0x7fd1b2/1,0x7f9d3e/1,0x7f9cb8/1; tools/measuring_vars.py"
499,0x801348,1,,fmt=0x10 A=0xff,"handler 0x3dad8; also reads 0x7f9d41/1,0x7f9cb9/1,0x7fd1b2/1,0x7f9d40/1,0x7f9cb8/1; tools/measuring_vars.py"
500,0x8031da,2,,fmt=0x53,handler 0x3db94; tools/measuring_vars.py
501,0x8031f4,2,,fmt=0x53,handler 0x3dbac; tools/measuring_vars.py
503,0x7fb69a,2,,fmt=0x10 A=0xff,handler 0x3dbc4; tools/measuring_vars.py
515,0x800e21,1,,fmt=0x12 A=0x7d,handler 0x3dbd4; tools/measuring_vars.py
516,0x8031cc,2,,fmt=0x53,handler 0x3dbe4; tools/measuring_vars.py
517,0x8022aa,2,,fmt=0x53,handler 0x3dc00; tools/measuring_vars.py
519,0x80201e,1,,fmt=0x36 A=0x00,handler 0x3dc1c; tools/measuring_vars.py
521,0x8017d2,2,,fmt=0x05 A=0x37,handler 0x3dc2c; tools/measuring_vars.py
522,0x801348,1,,fmt=0x10 A=0xff,"handler 0x3dc34; also reads 0x7f9d97/1,0x7fd1de/1,0x7fd1dd/1,0x7fd1b2/1; tools/measuring_vars.py"
524,0x8022f4,2,,fmt=0x22 A=0x32,handler 0x3dce4; tools/measuring_vars.py
525,0x801348,1,,fmt=0x10 A=0xff,"handler 0x3dd28; also reads 0x7f9dbb/1,0x7f9dcf/1,0x7fd38d/1,0x7fcff7/1,0x7f949c/1,0x7f9dba/1; tools/measuring_vars.py"
526,0x801348,1,,fmt=0x10 A=0xff,"handler 0x3de0c; also reads 0x7f9d8f/1,0x7fed6c/2,0x7fd1bd/1,0x7fd1d8/1,0x7fd1d7/1; tools/measuring_vars.py"
527,0x801348,1,,fmt=0x10 A=0xff,"handler 0x3dec0; also reads 0x7f9d91/1,0x7fed6c/2,0x7fd1bd/1,0x7fd1d8/1,0x7fd1d7/1; tools/measuring_vars.py"
530,0x801348,1,,fmt=0x10 A=0xff,"handler 0x3df74; also reads 0x7f9ce3/1,0x7f9d75/1,0x7f9144/1,0x7fcfa0/1; tools/measuring_vars.py"
531,0x801348,1,,fmt=0x10 A=0xff,"handler 0x3e02c; also reads 0x7f9d37/1,0x7f9d3b/1,0x7fd249/1,0x7fd203/1,0x7fed7c/2,0x7fd208/1+more; tools/measuring_vars.py"
532,0x801348,1,,fmt=0x10 A=0xff,"handler 0x3e110; also reads 0x7f9d39/1,0x7f9d3d/1,0x7fd249/1,0x7fd203/1; tools/measuring_vars.py"
533,0x801348,1,,fmt=0x10 A=0xff,"handler 0x3e1ac; also reads 0x7f9d77/1,0x7fed6c/2,0x7fd22b/1,0x7fd22d/1; tools/measuring_vars.py"
534,0x801348,1,,fmt=0x10 A=0xff,"handler 0x3e270; also reads 0x7f9d79/1,0x7fed74/2,0x7fd22c/1,0x7fd22f/1; tools/measuring_vars.py"
535,0x801348,1,,fmt=0x10 A=0xff,"handler 0x3e334; also reads 0x7f9d6b/1,0x7fed6c/2,0x7fd217/1,0x7fd213/1; tools/measuring_vars.py"
536,0x801348,1,,fmt=0x10 A=0xff,"handler 0x3e3f8; also reads 0x7f9d6d/1,0x7fed74/2,0x7fd217/1,0x7fd215/1; tools/measuring_vars.py"
541,0x801348,1,,fmt=0x10 A=0xff,"handler 0x3e4bc; also reads 0x7f9dff/1,0x7fea5b/1; tools/measuring_vars.py"
542,0x801348,1,,fmt=0x10 A=0xff,"handler 0x3e528; also reads 0x7f9cf9/1,0x7fed74/2,0x7fd2a1/1,0x7fd1dd/1; tools/measuring_vars.py"
543,0x801348,1,,fmt=0x10 A=0xff,"handler 0x3e5c4; also reads 0x7f9cfb/1,0x7fed74/2,0x7fd2a2/1,0x7fd1de/1; tools/measuring_vars.py"
545,0x7f919c,2,,fmt=0x24,handler 0x3e660; tools/measuring_vars.py
546,0x7f91ee,2,,fmt=0x2c,handler 0x3e684; tools/measuring_vars.py
547,0x7f9620,1,,fmt=0x10 A=0xff,handler 0x3e6d8; tools/measuring_vars.py
548,0x7fef93,1,,fmt=0x25 A=0x01,"handler 0x3e788; also reads 0x7fef8f/1,0x7fe942/1,0x7f9c8f/1; tools/measuring_vars.py"
551,0x7fef93,1,,fmt=0x25 A=0x01,"handler 0x3e810; also reads 0x7fef8f/1,0x7f9cb9/1,0x7f9c8f/1; tools/measuring_vars.py"
554,0x80129a,1,,fmt=0x1a A=0x3c,"handler 0x3e898; also reads 0x7fef93/1,0x7fef8f/1; tools/measuring_vars.py"
555,0x80127f,1,,fmt=0x05 A=0x0a,handler 0x3e8fc; tools/measuring_vars.py
567,0x8010d5,1,,fmt=0x36 A=0x00,handler 0x3e920; tools/measuring_vars.py
568,0x8010d4,1,,fmt=0x36 A=0x00,handler 0x3e930; tools/measuring_vars.py
569,0x802a9c,2,,fmt=0x21 A=0xff,handler 0x3e940; tools/measuring_vars.py
571,0x80345c,2,,fmt=0x15 A=0x5e,handler 0x3e95c; tools/measuring_vars.py
574,0x7fd27b,1,,fmt=0x14 A=0x64,handler 0x3e970; tools/measuring_vars.py
575,0x7fd27d,1,,fmt=0x36 A=0x00,handler 0x3e980; tools/measuring_vars.py
576,0x7f93a0,1,,fmt=0x36 A=0x00,handler 0x3e990; tools/measuring_vars.py
577,0x8015a6,1,,fmt=0x01 A=0x32,handler 0x3e9a0; tools/measuring_vars.py
578,0x801579,1,,fmt=0x1f A=0x0a,handler 0x3e9b0; tools/measuring_vars.py
580,0x801948,2,,fmt=0x1f A=0xe9,handler 0x3e9c0; tools/measuring_vars.py
581,0x7f93a1,1,,fmt=0x1f A=0xe9,handler 0x3e9d4; tools/measuring_vars.py
582,0x801d9d,1,,fmt=0x19,handler 0x3e9e4; tools/measuring_vars.py
592,0x800d7a,1,,fmt=0x25 A=0x00,handler 0x3e9fc; tools/measuring_vars.py
595,0x8030c4,4,,fmt=0x16 A=0xff,handler 0x3ea3c; tools/measuring_vars.py
596,0x800d46,1,,fmt=0x05 A=0x0a,handler 0x3ea6c; tools/measuring_vars.py
598,0x7fcf7b,1,,fmt=0x10 A=0xff,"handler 0x3ea98; also reads 0x800d75/1,0x800d7a/1,0x800d7c/1,0x7fef91/1,0x800d42/1,0x7fcf79/1+more; tools/measuring_vars.py"
599,0x7fcf79,1,,fmt=0x25 A=0x00,handler 0x3ebf8; tools/measuring_vars.py
600,0x7fecd8,1,,fmt=0x25 A=0x00,handler 0x3ec20; tools/measuring_vars.py
602,0x800e44,2,,fmt=0x12 A=0x7d,"handler 0x3ec48; also reads 0x7fd405/1,0x800e32/2; tools/measuring_vars.py"
604,0x802a6c,2,,fmt=0x21 A=0xff,handler 0x3ec98; tools/measuring_vars.py
607,0x7fd028,1,,fmt=0x25 A=0x00,handler 0x3ecb4; tools/measuring_vars.py
609,0x7fd022,1,,fmt=0x25 A=0x00,handler 0x3ecdc; tools/measuring_vars.py
613,0x7f9d77,1,,fmt=0x25,handler 0x3ed04; also reads 0x7fd22b/1; tools/measuring_vars.py
614,0x7f9d79,1,,fmt=0x25,handler 0x3ed90; also reads 0x7fd22c/1; tools/measuring_vars.py
615,0x7f9d4b,1,,fmt=0x25,handler 0x3ee1c; also reads 0x801b1a/1; tools/measuring_vars.py
616,0x7f9d4d,1,,fmt=0x25,handler 0x3eea0; also reads 0x801b1b/1; tools/measuring_vars.py
619,0x7f9c51,1,,fmt=0x25 A=0x00,"handler 0x3ef24; also reads 0x7f9c53/1,0x8010c5/1; tools/measuring_vars.py"
621,0x800d66,1,,fmt=0x05 A=0x0a,handler 0x3ef8c; tools/measuring_vars.py
622,0x7fef1a,2,,fmt=0x36,handler 0x3efb0; tools/measuring_vars.py
623,0x801348,1,,fmt=0x10 A=0xff,"handler 0x3efc8; also reads 0x7f9dbb/1,0x7fd38d/1,0x802128/1,0x7f949c/1,0x7fd028/1,0x7fe90e/1; tools/measuring_vars.py"
625,0x801348,1,,fmt=0x10 A=0xff,"handler 0x3f094; also reads 0x7f9db9/1,0x7fd38d/1,0x802128/1,0x7f949c/1,0x7fd022/1,0x7fe90e/1; tools/measuring_vars.py"
626,0x801348,1,,fmt=0x10 A=0xff,"handler 0x3f160; also reads 0x7f9ce9/1,0x7f9ceb/1,0x8010c5/1,0x7fd008/1; tools/measuring_vars.py"
627,0x801348,1,,fmt=0x10 A=0xff,"handler 0x3f210; also reads 0x7f9c51/1,0x7f9c53/1,0x8010c5/1,0x7fcffd/1; tools/measuring_vars.py"
629,0x7fcdff,1,,fmt=0x25 A=0x00,handler 0x3f2ac; also reads 0x7fcf79/1; tools/measuring_vars.py
630,0x7fd0ba,1,,fmt=0x21 A=0xff,handler 0x3f2e8; tools/measuring_vars.py
631,0x800d80,1,,fmt=0x21 A=0xff,handler 0x3f304; tools/measuring_vars.py
632,0x7fd0b8,1,,fmt=0x34 A=0x0c,"handler 0x3f320; also reads 0x7fef93/1,0x7fef8f/1; tools/measuring_vars.py"
633,0x8014d6,2,,fmt=0x40 A=0xff,handler 0x3f398; tools/measuring_vars.py
634,0x801506,2,,fmt=0x21 A=0x80,handler 0x3f3a0; tools/measuring_vars.py
636,0x7f920a,2,,fmt=0x1c A=0x80,handler 0x3f3b4; tools/measuring_vars.py
637,0x7f9206,2,,fmt=0x3d A=0x80,handler 0x3f3fc; tools/measuring_vars.py
638,0x7f9204,2,,fmt=0x3d A=0x80,handler 0x3f404; tools/measuring_vars.py
639,0x80149c,2,,fmt=0x12 A=0x7d,handler 0x3f40c; tools/measuring_vars.py
649,0x801ad6,2,,fmt=0x1f A=0x50,handler 0x3f434; tools/measuring_vars.py
650,0x7f9364,2,,fmt=0x1f A=0x50,handler 0x3f460; tools/measuring_vars.py
651,0x802e0c,2,,fmt=0x1f A=0x14,handler 0x3f48c; tools/measuring_vars.py
652,0x801b00,1,,fmt=0x36 A=0x00,handler 0x3f4b8; tools/measuring_vars.py
653,0x801ae0,2,,fmt=0x08 A=0x14,handler 0x3f4c8; tools/measuring_vars.py
654,0x801ade,2,,fmt=0x08 A=0x14,handler 0x3f4f8; tools/measuring_vars.py
655,0x801aa8,2,,fmt=0x08 A=0x14,handler 0x3f528; tools/measuring_vars.py
656,0x801cbe,2,,fmt=0x08 A=0x0b,handler 0x3f558; tools/measuring_vars.py
657,0x801ab4,2,,fmt=0x1f A=0x14,handler 0x3f598; tools/measuring_vars.py
659,0x7fd203,1,,fmt=0x10 A=0xff,"handler 0x3f5c4; also reads 0x80150c/1,0x7fe9b6/1; tools/measuring_vars.py"
660,0x7fe9d8,1,,fmt=0x10 A=0xff,"handler 0x3f654; also reads 0x8014e0/1,0x7fce04/1,0x801468/1,0x7fd1b2/1; tools/measuring_vars.py"
662,0x801348,1,,fmt=0x10 A=0xff,"handler 0x3f6d8; also reads 0x7f9d4b/1,0x7fed6c/2,0x7febcb/1,0x7fec20/1,0x801b04/1,0x801b05/1; tools/measuring_vars.py"
663,0x801348,1,,fmt=0x10 A=0xff,"handler 0x3f7a4; also reads 0x7f9d4b/1,0x7fed6c/2,0x7fec36/1,0x801b05/1; tools/measuring_vars.py"
666,0x7fef93,1,,fmt=0x25 A=0x00,"handler 0x3f840; also reads 0x7fef8f/1,0x7fd0b6/1; tools/measuring_vars.py"
667,0x801348,1,,fmt=0x10 A=0xff,"handler 0x3f8c4; also reads 0x7f9d3f/1,0x801426/1,0x7fec5b/1,0x801424/1,0x7fec56/1; tools/measuring_vars.py"
668,0x8017a6,2,,fmt=0x05 A=0x3c,handler 0x3f978; tools/measuring_vars.py
669,0x802bce,2,,fmt=0x21 A=0x80,handler 0x3f9c0; tools/measuring_vars.py
674,0x801ac6,2,,fmt=0x08 A=0x14,handler 0x3f9d4; tools/measuring_vars.py
675,0x801ace,2,,fmt=0x1f A=0x50,handler 0x3fa04; tools/measuring_vars.py
677,0x8017b4,2,,fmt=0x05 A=0x3c,handler 0x3fa30; tools/measuring_vars.py
678,0x80213c,2,,fmt=0x22 A=0x32,handler 0x3fa78; tools/measuring_vars.py
679,0x801348,1,,fmt=0x10 A=0xff,"handler 0x3fabc; also reads 0x7f9dbb/1,0x7f9dcf/1,0x7fcff7/1,0x7f949c/1; tools/measuring_vars.py"
683,0x801348,1,,fmt=0x10 A=0xff,"handler 0x3fb94; also reads 0x7f9d8f/1,0x7fed6c/2,0x801c96/1,0x7fec23/1,0x7f9d6b/1; tools/measuring_vars.py"
684,0x801348,1,,fmt=0x10 A=0xff,"handler 0x3fc48; also reads 0x7f9d8f/1,0x7fed6c/2,0x7fd1bd/1,0x7fd1ba/1,0x7fe9c8/1,0x801b05/1; tools/measuring_vars.py"
685,0x801348,1,,fmt=0x10 A=0xff,"handler 0x3fd14; also reads 0x7f9d8f/1,0x80140e/1,0x80150c/1; tools/measuring_vars.py"
686,0x801348,1,,fmt=0x10 A=0xff,"handler 0x3fdac; also reads 0x7f9d8f/1,0x801463/1,0x7fd203/1,0x7fd291/1; tools/measuring_vars.py"
687,0x801348,1,,fmt=0x10 A=0xff,"handler 0x3fe48; also reads 0x7f9d8f/1,0x7fec53/1,0x7fd1b2/1; tools/measuring_vars.py"
688,0x7fd1d8,1,,fmt=0x10 A=0xff,"handler 0x3fecc; also reads 0x7fec3e/1,0x7fec4a/1,0x7fec44/1,0x7fec46/1,0x7fec53/1,0x7fd212/1; tools/measuring_vars.py"
689,0x7fd1d7,1,,fmt=0x10 A=0xff,"handler 0x3ff80; also reads 0x7fec40/1,0x7fec48/1,0x7fec42/1,0x7f9d77/1,0x7f9d6b/1; tools/measuring_vars.py"
690,0x7f9d3e,1,,fmt=0x10 A=0xff,handler 0x4001c; also reads 0x7f9d8e/1; tools/measuring_vars.py
691,0x7f9d7b,1,,fmt=0x10 A=0xff,"handler 0x40060; also reads 0x7f9d87/1,0x7f9d8b/1,0x7f9d47/1; tools/measuring_vars.py"
696,0x7fcfcc,1,,fmt=0x10 A=0xff,handler 0x4012c; also reads 0x803450/2; tools/measuring_vars.py
697,0x7fcfcc,1,,fmt=0x36 A=0x00,handler 0x401ac; tools/measuring_vars.py
698,0x7fcfcc,1,,fmt=0x25 A=0x00,handler 0x401d4; tools/measuring_vars.py
699,0x7f9e89,2,,fmt=0x36,handler 0x40250; tools/measuring_vars.py
700,0x7f9b48,2,,fmt=0x36,handler 0x40268; tools/measuring_vars.py
701,0x7f9b4a,2,,fmt=0x36,handler 0x40278; tools/measuring_vars.py
702,0x7f9b4c,2,,fmt=0x36,handler 0x40288; tools/measuring_vars.py
703,0x7f9b4e,2,,fmt=0x36,handler 0x40298; tools/measuring_vars.py
704,0x7f9b50,2,,fmt=0x36,handler 0x402a8; tools/measuring_vars.py
705,0x7f9b52,2,,fmt=0x36,handler 0x402b8; tools/measuring_vars.py
722,0x801164,2,,fmt=0x22 A=0x64,handler 0x402c8; tools/measuring_vars.py
723,0x802b74,2,,fmt=0x43,"handler 0x4030c; also reads 0x7fef93/1,0x7fef8f/1; tools/measuring_vars.py"
726,0x800d7c,1,,fmt=0x25 A=0x00,handler 0x403a8; tools/measuring_vars.py
733,0x80211a,2,,fmt=0x22 A=0x64,handler 0x40414; also reads 0x7f949c/1; tools/measuring_vars.py
735,0x801d8c,2,,fmt=0x1f A=0x14,handler 0x40430; tools/measuring_vars.py
736,0x801d8e,2,,fmt=0x1f A=0x14,handler 0x40444; tools/measuring_vars.py
737,0x801d90,2,,fmt=0x1f A=0x14,handler 0x40458; tools/measuring_vars.py
738,0x801d92,2,,fmt=0x1f A=0x14,handler 0x4046c; tools/measuring_vars.py
745,0x7f9124,2,,fmt=0x3e A=0x10,handler 0x40480; tools/measuring_vars.py
746,0x7fe9a1,1,,fmt=0x10 A=0xff,handler 0x404ac; also reads 0x7fe9a2/1; tools/measuring_vars.py
747,0x7fe9a1,1,,fmt=0x10 A=0xff,handler 0x404e8; also reads 0x7fe9a2/1; tools/measuring_vars.py
748,0x7fd049,1,,fmt=0x36 A=0x00,handler 0x40524; tools/measuring_vars.py
750,0x7fef93,1,,fmt=0x25 A=0x01,"handler 0x40534; also reads 0x7fef8f/1,0x7fd104/1,0x7f9c8f/1; tools/measuring_vars.py"
751,0x7f9424,1,,fmt=0x25 A=0x01,handler 0x405bc; tools/measuring_vars.py
752,0x7f9196,2,,fmt=0x24,handler 0x405e4; tools/measuring_vars.py
753,0x7f9c38,2,,fmt=0x36,handler 0x40600; tools/measuring_vars.py
757,0x801a9e,2,,fmt=0x05 A=0x3c,handler 0x40610; tools/measuring_vars.py
758,0x801a9c,2,,fmt=0x05 A=0x3c,handler 0x40658; tools/measuring_vars.py
760,0x802b56,2,,fmt=0x25 A=0x02,"handler 0x406a0; also reads 0x7fcdff/1,0x7fe963/1,0x7f9c8f/1; tools/measuring_vars.py"
761,0x7fef12,2,,fmt=0x22 A=0x32,handler 0x4071c; tools/measuring_vars.py
763,0x802a1e,2,,fmt=0x22 A=0x32,handler 0x40760; tools/measuring_vars.py
765,0x7fef10,2,,fmt=0x22 A=0x32,handler 0x407a4; tools/measuring_vars.py
767,0x802a08,2,,fmt=0x22 A=0x32,handler 0x407e8; tools/measuring_vars.py
769,0x7feeb8,2,,fmt=0x5b,handler 0x4082c; tools/measuring_vars.py
771,0x7feeb6,2,,fmt=0x5b,handler 0x40858; tools/measuring_vars.py
773,0x801348,1,,fmt=0x10 A=0xff,"handler 0x40884; also reads 0x7f9d4d/1,0x7fed74/2,0x7fec1f/1,0x7fec21/1,0x801b04/1,0x801b06/1; tools/measuring_vars.py"
774,0x801348,1,,fmt=0x10 A=0xff,"handler 0x40954; also reads 0x7f9d4d/1,0x7fed74/2,0x7fec37/1,0x801b06/1; tools/measuring_vars.py"
776,0x8014d0,2,,fmt=0x40 A=0xff,handler 0x409f4; tools/measuring_vars.py
777,0x801504,2,,fmt=0x21 A=0x80,handler 0x409fc; tools/measuring_vars.py
779,0x8017a4,2,,fmt=0x05 A=0x3c,handler 0x40a10; tools/measuring_vars.py
780,0x802bcc,2,,fmt=0x21 A=0x80,handler 0x40a58; tools/measuring_vars.py
781,0x7f9208,2,,fmt=0x1c A=0x80,handler 0x40a6c; tools/measuring_vars.py
782,0x7f9202,2,,fmt=0x3d A=0x80,handler 0x40ab4; tools/measuring_vars.py
783,0x8017ae,2,,fmt=0x05 A=0x3c,handler 0x40abc; tools/measuring_vars.py
789,0x7fd203,1,,fmt=0x10 A=0xff,"handler 0x40b04; also reads 0x80150d/1,0x7fe9b6/1; tools/measuring_vars.py"
790,0x7fe9d9,1,,fmt=0x10 A=0xff,"handler 0x40b94; also reads 0x8014e0/1,0x7fce04/1,0x801468/1,0x7fd1b2/1; tools/measuring_vars.py"
791,0x801348,1,,fmt=0x10 A=0xff,"handler 0x40c18; also reads 0x7f9d41/1,0x801426/1,0x7fec5c/1,0x801425/1,0x7fec57/1; tools/measuring_vars.py"
792,0x801348,1,,fmt=0x10 A=0xff,"handler 0x40ccc; also reads 0x7f9d91/1,0x7fed6c/2,0x801c97/1,0x7fec24/1,0x7f9d6d/1; tools/measuring_vars.py"
793,0x801348,1,,fmt=0x10 A=0xff,"handler 0x40d80; also reads 0x7f9d91/1,0x7fed6c/2,0x7fd1bd/1,0x7fd1ba/1,0x7fe9c9/1,0x801b06/1; tools/measuring_vars.py"
794,0x801348,1,,fmt=0x10 A=0xff,"handler 0x40e4c; also reads 0x7f9d91/1,0x80140e/1,0x80150d/1; tools/measuring_vars.py"
795,0x801348,1,,fmt=0x10 A=0xff,"handler 0x40ee4; also reads 0x7f9d91/1,0x801463/1,0x7fd203/1,0x7fd291/1; tools/measuring_vars.py"
796,0x801348,1,,fmt=0x10 A=0xff,"handler 0x40f80; also reads 0x7f9d91/1,0x7fec54/1,0x7fd1b2/1; tools/measuring_vars.py"
797,0x7fd1d8,1,,fmt=0x10 A=0xff,"handler 0x41004; also reads 0x7fec3f/1,0x7fec4b/1,0x7fec45/1,0x7fec47/1,0x7fec54/1,0x801c97/1+more; tools/measuring_vars.py"
798,0x7fd1d7,1,,fmt=0x10 A=0xff,"handler 0x410d0; also reads 0x7fec41/1,0x7fec49/1,0x7fec43/1,0x7f9d79/1,0x7f9d6d/1; tools/measuring_vars.py"
799,0x7f9d40,1,,fmt=0x10 A=0xff,handler 0x4116c; also reads 0x7f9d90/1; tools/measuring_vars.py
802,0x7f91da,2,,fmt=0x36,handler 0x411b0; tools/measuring_vars.py
803,0x7f91d8,1,,fmt=0x36 A=0x00,handler 0x411c0; tools/measuring_vars.py
806,0x801348,1,,fmt=0x10 A=0xff,"handler 0x411d0; also reads 0x7f9db9/1,0x7f9dd1/1,0x7fd38d/1,0x7fcff7/1,0x7f949c/1,0x7f9db8/1; tools/measuring_vars.py"
808,0x7f9d7d,1,,fmt=0x10 A=0xff,"handler 0x412b4; also reads 0x7f9d89/1,0x7f9d8d/1,0x7f9d49/1; tools/measuring_vars.py"
810,0x7fed74,2,,fmt=0x10 A=0xff,"handler 0x41380; also reads 0x7fd214/1,0x80156f/1,0x801cd4/1,0x7fea38/1,0x7fe9f9/1,0x7fd25d/1; tools/measuring_vars.py"
811,0x7feb3f,1,,fmt=0x10 A=0xff,handler 0x41434; also reads 0x7feb12/1; tools/measuring_vars.py
813,0x802b48,2,,fmt=0x25 A=0x02,"handler 0x41474; also reads 0x7fd104/1,0x7fd0cc/1; tools/measuring_vars.py"
823,0x7f91fa,2,,fmt=0x1f A=0x28,handler 0x414e4; tools/measuring_vars.py
824,0x7f91f4,2,,fmt=0x1f A=0x28,handler 0x41510; tools/measuring_vars.py
826,0x7fef93,1,,fmt=0x25 A=0x03,"handler 0x4153c; also reads 0x7fef8f/1,0x7f9c8f/1; tools/measuring_vars.py"
854,0x7fd1b7,1,,fmt=0x36 A=0x00,handler 0x415b8; tools/measuring_vars.py
855,0x8021eb,1,,fmt=0x05 A=0x0a,handler 0x415c8; tools/measuring_vars.py
856,0x8021f4,1,,fmt=0x05 A=0x0a,handler 0x415ec; tools/measuring_vars.py
857,0x8021f5,1,,fmt=0x05 A=0x0a,handler 0x41610; tools/measuring_vars.py
860,0x7fd203,1,,fmt=0x25 A=0x00,handler 0x41634; tools/measuring_vars.py
863,0x8017cc,2,,fmt=0x05 A=0x37,handler 0x41664; tools/measuring_vars.py
868,0x7fed6c,2,,fmt=0x10 A=0xff,handler 0x4166c; tools/measuring_vars.py
869,0x7fed74,2,,fmt=0x10 A=0xff,handler 0x41694; tools/measuring_vars.py
875,0x80175c,2,,fmt=0x05 A=0x37,handler 0x416bc; tools/measuring_vars.py
890,0x7fea5e,1,,fmt=0x25 A=0x00,handler 0x416c4; tools/measuring_vars.py
892,0x80218c,2,,fmt=0x3c,handler 0x416ec; tools/measuring_vars.py
895,0x801bfc,2,,fmt=0x3d A=0xff,handler 0x4171c; tools/measuring_vars.py
896,0x801bfa,2,,fmt=0x3d A=0xff,handler 0x41764; tools/measuring_vars.py
897,0x801bf2,2,,fmt=0x3d A=0xff,handler 0x417ac; tools/measuring_vars.py
898,0x801bf0,2,,fmt=0x3d A=0xff,handler 0x417f4; tools/measuring_vars.py
901,0x801348,1,,fmt=0x10 A=0xff,"handler 0x4183c; also reads 0x7f9deb/1,0x7fd1e4/1,0x7fd1e3/1; tools/measuring_vars.py"
902,0x7fd40b,1,,fmt=0x25 A=0x00,"handler 0x418e8; also reads 0x7f9deb/1,0x7fd1e4/1,0x7fd1e3/1; tools/measuring_vars.py"
903,0x801498,2,,fmt=0x14 A=0x20,handler 0x41988; tools/measuring_vars.py
904,0x801462,1,,fmt=0x36 A=0x00,handler 0x419a4; also reads 0x7fd40b/1; tools/measuring_vars.py
905,0x7f9216,2,,fmt=0x1f A=0x50,handler 0x419f0; also reads 0x7fd40b/1; tools/measuring_vars.py
907,0x80184e,2,,fmt=0x05 A=0x37,handler 0x41a58; tools/measuring_vars.py
915,0x7fd373,1,,fmt=0x06 A=0x64,handler 0x41a60; tools/measuring_vars.py
921,0x8012cc,2,,fmt=0x36,handler 0x41a70; also reads 0x802b78/2; tools/measuring_vars.py
922,0x803040,2,,fmt=0x36,handler 0x41ad8; tools/measuring_vars.py
925,0x8014a0,2,,fmt=0x42 A=0x08,handler 0x41ae8; tools/measuring_vars.py
929,0x8021f1,1,,fmt=0x05 A=0x0a,"handler 0x41b14; also reads 0x7fef93/1,0x7fef8f/1; tools/measuring_vars.py"
939,0x801798,2,,fmt=0x05 A=0x3c,handler 0x41b8c; tools/measuring_vars.py
951,0x7f9cd1,1,,fmt=0x25,handler 0x41bd4; also reads 0x7fd1bd/1; tools/measuring_vars.py
952,0x7f9dd9,1,,fmt=0x25,handler 0x41c50; also reads 0x7fed7c/2; tools/measuring_vars.py
955,0x80174a,2,,fmt=0x05 A=0x3c,handler 0x41ccc; tools/measuring_vars.py
957,0x801a60,2,,fmt=0x05 A=0x3c,handler 0x41d14; tools/measuring_vars.py
976,0x7f9dd9,1,,fmt=0x25,handler 0x41d5c; also reads 0x7fed7c/2; tools/measuring_vars.py
977,0x7f9ddb,1,,fmt=0x25,handler 0x41dd8; also reads 0x7fed7e/2; tools/measuring_vars.py
988,0x7fd22b,1,,fmt=0x25 A=0x00,handler 0x41e54; tools/measuring_vars.py
989,0x800de2,2,,fmt=0x1f A=0x14,handler 0x41e7c; tools/measuring_vars.py
990,0x800e14,2,,fmt=0x3d A=0x40,handler 0x41ea8; tools/measuring_vars.py
991,0x800e16,2,,fmt=0x3d A=0x40,handler 0x41ef0; tools/measuring_vars.py
992,0x801348,1,,fmt=0x10 A=0xff,"handler 0x41f38; also reads 0x7f9ca1/1,0x7fcf7e/1,0x7fcf7f/1; tools/measuring_vars.py"
999,,,,,"handler 0x41ffc; reads flash 0x5c6094,0x5c6095,0x5c6096; tools/measuring_vars.py"
1001,0x80304a,2,,fmt=0x1f A=0x28,handler 0x4200c; tools/measuring_vars.py
1003,0x80156a,2,,fmt=0x2a A=0x0f,handler 0x42038; tools/measuring_vars.py
1004,0x80158c,2,,fmt=0x1f A=0x0a,handler 0x42104; tools/measuring_vars.py
1005,0x803168,2,,fmt=0x5b,handler 0x42118; tools/measuring_vars.py
1006,0x803164,2,,fmt=0x5b A=0x10,handler 0x4213c; tools/measuring_vars.py
1007,0x8033fe,2,,fmt=0x5b A=0x10,handler 0x4217c; tools/measuring_vars.py
1008,0x803452,2,,fmt=0x42 A=0x0a,handler 0x421bc; tools/measuring_vars.py
1009,0x8031ae,2,,fmt=0x53,handler 0x421e0; tools/measuring_vars.py
1010,0x8031a6,2,,fmt=0x63,handler 0x421fc; tools/measuring_vars.py
1011,0x80319a,2,,fmt=0x53,handler 0x42210; tools/measuring_vars.py
1012,0x8031aa,2,,fmt=0x53,handler 0x4222c; tools/measuring_vars.py
1015,0x7f9408,2,,fmt=0x63,handler 0x42248; tools/measuring_vars.py
1016,0x80319c,2,,fmt=0x63,handler 0x4225c; tools/measuring_vars.py
1018,0x7fd2df,1,,fmt=0x10 A=0xff,"handler 0x42270; also reads 0x7f9c57/1,0x7fd2eb/1,0x7fec35/1,0x7fd2d9/1; tools/measuring_vars.py"
1019,0x7fec25,1,,fmt=0x10 A=0xff,"handler 0x42310; also reads 0x7fd2e0/1,0x7f9420/1,0x7f9d1f/1; tools/measuring_vars.py"
1020,0x7fce01,1,,fmt=0x10 A=0xff,"handler 0x42380; also reads 0x7fed7c/2,0x7f9c57/1,0x7fd2e0/1,0x7fd2df/1; tools/measuring_vars.py"
1021,0x7fd2df,1,,fmt=0x25 A=0x00,"handler 0x42444; also reads 0x7f9c56/1,0x7fd2e0/1; tools/measuring_vars.py"
1022,0x7f9cd3,1,,fmt=0x25,handler 0x42498; also reads 0x7fd1bd/1; tools/measuring_vars.py
1027,0x8011d8,2,,fmt=0x3e A=0x64,handler 0x42514; tools/measuring_vars.py
1033,0x800de0,2,,fmt=0x1f A=0x14,handler 0x42528; tools/measuring_vars.py
1034,0x800dda,2,,fmt=0x1f A=0x14,handler 0x42554; tools/measuring_vars.py
1035,0x800dd8,2,,fmt=0x1f A=0x14,handler 0x4257c; tools/measuring_vars.py
1038,0x800dd6,2,,fmt=0x1f A=0x14,handler 0x425a4; tools/measuring_vars.py
1039,0x800dd4,2,,fmt=0x1f A=0x14,handler 0x425b8; tools/measuring_vars.py
1040,0x800e0c,2,,fmt=0x37 A=0xa0,handler 0x425cc; tools/measuring_vars.py
1041,0x800da0,2,,fmt=0x36,handler 0x425f4; tools/measuring_vars.py
1042,0x800daa,2,,fmt=0x36,handler 0x42604; tools/measuring_vars.py
1043,0x800dac,2,,fmt=0x36,handler 0x42614; tools/measuring_vars.py
1044,0x800d22,1,,fmt=0x5a A=0x02,handler 0x42624; tools/measuring_vars.py
1045,0x800d1c,1,,fmt=0x5a A=0x02,handler 0x42644; tools/measuring_vars.py
1046,0x800d40,2,,fmt=0x37 A=0xa0,handler 0x42664; tools/measuring_vars.py
1047,0x800d3a,2,,fmt=0x3e A=0x19,handler 0x4268c; tools/measuring_vars.py
1048,0x802318,2,,fmt=0x5c A=0x01,handler 0x426b4; tools/measuring_vars.py
1049,0x800d21,1,,fmt=0x19,handler 0x426e0; tools/measuring_vars.py
1050,0x800d28,1,,fmt=0x07 A=0x58,handler 0x426f8; tools/measuring_vars.py
1051,0x800d23,1,,fmt=0x1a A=0x30,handler 0x42708; tools/measuring_vars.py
1052,0x801348,1,,fmt=0x10 A=0xff,"handler 0x42724; also reads 0x7f9e03/1,0x7fe885/1,0x7fcf73/1; tools/measuring_vars.py"
1053,0x7fcf73,1,,fmt=0x25 A=0x00,handler 0x427bc; also reads 0x7f9e03/1; tools/measuring_vars.py
1055,0x8021cb,1,,fmt=0x1a A=0x30,handler 0x42824; tools/measuring_vars.py
1056,0x8021ca,1,,fmt=0x1a A=0x30,handler 0x42840; tools/measuring_vars.py
1057,0x8021cd,1,,fmt=0x36 A=0x00,handler 0x4285c; tools/measuring_vars.py
1058,0x8021ce,1,,fmt=0x36 A=0x00,handler 0x4286c; tools/measuring_vars.py
1059,0x7f9bd2,1,,fmt=0x36 A=0x00,handler 0x4287c; tools/measuring_vars.py
1060,0x801348,1,,fmt=0x10 A=0xff,"handler 0x4288c; also reads 0x7f9dfb/1,0x7fd3d1/1; tools/measuring_vars.py"
1061,0x800fac,2,,fmt=0x1f A=0x14,handler 0x42934; tools/measuring_vars.py
1064,0x7f9118,2,,fmt=0x1a A=0x30,handler 0x4295c; tools/measuring_vars.py
1065,0x7f9114,1,,fmt=0x5a A=0x02,handler 0x42988; tools/measuring_vars.py
1066,0x7f9112,1,,fmt=0x5a A=0x02,handler 0x429a8; tools/measuring_vars.py
1067,0x7f9115,1,,fmt=0x36 A=0x00,handler 0x429c8; tools/measuring_vars.py
1068,0x800d24,1,,fmt=0x1a A=0x30,handler 0x429d8; tools/measuring_vars.py
1071,0x7fa968,1,,fmt=0x36 A=0x00,handler 0x429f4; tools/measuring_vars.py
1072,0x7fa960,1,,fmt=0x36 A=0x00,handler 0x42a04; tools/measuring_vars.py
1073,0x7fa95f,1,,fmt=0x36 A=0x00,handler 0x42a14; tools/measuring_vars.py
1103,0x7f9362,2,,fmt=0x1f A=0x50,handler 0x42a24; tools/measuring_vars.py
1104,0x801251,1,,fmt=0x36 A=0x00,handler 0x42a50; tools/measuring_vars.py
1105,0x801250,1,,fmt=0x25 A=0x01,"handler 0x42a60; also reads 0x801348/1,0x7fd061/1,0x7feb74/1,0x80223a/1; tools/measuring_vars.py"
1106,0x801256,1,,fmt=0x36 A=0x00,"handler 0x42b74; also reads 0x801250/1,0x801348/1,0x7fd061/1; tools/measuring_vars.py"
1107,0x801250,1,,fmt=0x25 A=0x00,handler 0x42ca4; tools/measuring_vars.py
1138,0x8012f4,2,,fmt=0x41,handler 0x42d08; also reads 0x802b78/2; tools/measuring_vars.py
1139,0x801300,2,,fmt=0x41,handler 0x42d70; also reads 0x802b78/2; tools/measuring_vars.py
1163,0x7fef93,1,,fmt=0x25 A=0x04,"handler 0x42dd8; also reads 0x7fef8f/1,0x7fe981/1,0x7f9c8f/1; tools/measuring_vars.py"
1174,0x7f94fc,1,,fmt=0x36 A=0x00,handler 0x42e60; tools/measuring_vars.py
1361,0x803102,2,,fmt=0x17 A=0x64,handler 0x42e70; tools/measuring_vars.py
1420,0x800fb6,2,,fmt=0x35,handler 0x42e84; tools/measuring_vars.py
1421,0x7fe8ab,1,,fmt=0x25 A=0x00,handler 0x42ee4; tools/measuring_vars.py
1426,0x802538,1,,fmt=0x21 A=0xff,handler 0x42f0c; tools/measuring_vars.py
1465,0x802b5e,2,,fmt=0x25 A=0x02,"handler 0x42f28; also reads 0x7fe970/1,0x7fd0cc/1; tools/measuring_vars.py"
1500,0x7feb74,1,,fmt=0x25 A=0x00,"handler 0x42f98; also reads 0x7fe9a1/1,0x7fe9a0/1,0x7fe9a2/1; tools/measuring_vars.py"
1502,0x7fcfc9,1,,fmt=0x10 A=0xff,handler 0x43024; tools/measuring_vars.py
1503,0x7fa961,1,,fmt=0x36 A=0x00,handler 0x430fc; tools/measuring_vars.py
1504,0x7fa95e,1,,fmt=0x36 A=0x00,handler 0x4310c; tools/measuring_vars.py
1505,0x7fa969,1,,fmt=0x36 A=0x00,handler 0x4311c; tools/measuring_vars.py
1506,0x8022ec,2,,fmt=0x1f A=0x14,handler 0x4312c; tools/measuring_vars.py
1521,0x7f9cf6,2,,fmt=0x10 A=0xff,"handler 0x43140; also reads 0x801e64/1,0x7f93ac/1,0x7f9cf7/1; tools/measuring_vars.py"
1526,0x7fd46a,1,,fmt=0x10 A=0xff,"handler 0x43228; also reads 0x801e7a/1,0x802520/1; tools/measuring_vars.py"
1533,0x7f9dcf,1,,fmt=0x10 A=0xff,"handler 0x43290; also reads 0x7f9c5f/1,0x7f9dbb/1,0x7fcff7/1,0x7fd38d/1,0x7f949c/1,0x802128/1; tools/measuring_vars.py"
1534,0x7f9ce8,2,,fmt=0x10 A=0xff,"handler 0x43360; also reads 0x7fd020/1,0x8010c5/1,0x7f9ce9/1; tools/measuring_vars.py"
1535,0x7f9dba,2,,fmt=0x10 A=0xff,"handler 0x43448; also reads 0x7f9c5f/1,0x7f9db7/1,0x7f9dcf/1,0x7f943a/1,0x7f9dbb/1; tools/measuring_vars.py"
1539,0x7fb69a,2,,fmt=0x25 A=0x00,handler 0x43548; also reads 0x7fd469/1; tools/measuring_vars.py
1540,0x7fb69a,2,,fmt=0x25 A=0x00,handler 0x4358c; also reads 0x7fd469/1; tools/measuring_vars.py
1541,0x80149e,2,,fmt=0x42 A=0x08,handler 0x435d0; tools/measuring_vars.py
1545,0x7fd0b6,1,,fmt=0x25 A=0x00,handler 0x435fc; tools/measuring_vars.py
1546,0x7fd0b6,1,,fmt=0x25 A=0x00,handler 0x43624; tools/measuring_vars.py
1551,0x801496,2,,fmt=0x14 A=0x20,handler 0x4364c; tools/measuring_vars.py
1552,0x7f9214,2,,fmt=0x1f A=0x50,handler 0x43668; tools/measuring_vars.py
1553,0x80184c,2,,fmt=0x05 A=0x37,handler 0x43694; tools/measuring_vars.py
1554,0x803048,2,,fmt=0x1f A=0x28,handler 0x4369c; tools/measuring_vars.py
1555,0x801608,2,,fmt=0x1f A=0x14,handler 0x436c8; tools/measuring_vars.py
1579,0x8022f2,2,,fmt=0x22 A=0x32,handler 0x436f4; tools/measuring_vars.py
1580,0x8022f6,2,,fmt=0x22 A=0x32,handler 0x43738; tools/measuring_vars.py
1581,0x7f943e,2,,fmt=0x36,handler 0x4377c; tools/measuring_vars.py
1582,0x7f94a6,2,,fmt=0x36,handler 0x43794; tools/measuring_vars.py
1583,0x7f949e,2,,fmt=0x36,handler 0x437ac; tools/measuring_vars.py
1584,0x7fef16,2,,fmt=0x5b A=0x0a,handler 0x437c4; tools/measuring_vars.py
1585,0x7fef14,2,,fmt=0x5b A=0x0a,handler 0x437dc; tools/measuring_vars.py
1586,0x8021b8,2,,fmt=0x1a A=0x14,handler 0x437f4; tools/measuring_vars.py
1587,0x801348,1,,fmt=0x10 A=0xff,"handler 0x43830; also reads 0x7f9cf5/1,0x7f9cf7/1,0x801e64/1,0x7fed6c/2,0x7f93ac/1; tools/measuring_vars.py"
1590,0x801348,1,,fmt=0x10 A=0xff,"handler 0x438e4; also reads 0x7f9dc7/1,0x7f9dc9/1,0x801e65/1,0x7fed6c/2; tools/measuring_vars.py"
1591,0x801348,1,,fmt=0x10 A=0xff,"handler 0x43980; also reads 0x7f9ded/1,0x7fd1e4/1,0x7fd1e3/1; tools/measuring_vars.py"
1592,0x7f9d96,2,,fmt=0x10 A=0xff,handler 0x43a2c; also reads 0x7f9d97/1; tools/measuring_vars.py
1593,0x7f9cd0,2,,fmt=0x10 A=0xff,"handler 0x43afc; also reads 0x7fd1bd/1,0x7f9cd1/1,0x7fe9c8/1,0x7fe9ca/1; tools/measuring_vars.py"
1594,0x7f9cd2,2,,fmt=0x10 A=0xff,"handler 0x43be8; also reads 0x7fd1bd/1,0x7f9cd3/1,0x7fe9c9/1,0x7fe9cb/1; tools/measuring_vars.py"
1597,0x7f9dc6,2,,fmt=0x10 A=0xff,"handler 0x43cd4; also reads 0x801e64/1,0x801e65/1,0x7f93ac/1,0x7f9dc7/1; tools/measuring_vars.py"
1598,0x7f9dc8,2,,fmt=0x10 A=0xff,"handler 0x43dac; also reads 0x801e64/1,0x801e65/1,0x7f93ac/1,0x7f9dc9/1; tools/measuring_vars.py"
1599,0x7f9cf4,2,,fmt=0x10 A=0xff,"handler 0x43e84; also reads 0x801e64/1,0x7f93ac/1,0x7f9cf5/1; tools/measuring_vars.py"
1604,0x801284,2,,fmt=0x24,handler 0x43f6c; tools/measuring_vars.py
1657,0x7f9d7b,1,,fmt=0x10 A=0xff,handler 0x43f90; also reads 0x7f9d7d/1; tools/measuring_vars.py
1658,0x80249d,1,,fmt=0x36 A=0x00,handler 0x43ffc; tools/measuring_vars.py
1659,0x80249c,1,,fmt=0x36 A=0x00,handler 0x4400c; tools/measuring_vars.py
1668,0x7fb69a,2,,fmt=0x10 A=0xff,"handler 0x4401c; also reads 0x7fd041/1,0x7fe91a/1,0x80156f/1,0x7f9424/1; tools/measuring_vars.py"
1678,0x7fd203,1,,fmt=0x10 A=0xff,"handler 0x440a0; also reads 0x7fd255/1,0x7fd22b/1,0x7fea19/1,0x7f9d77/1,0x7f9d6b/1; tools/measuring_vars.py"
1679,0x7f9c2a,2,,fmt=0x14 A=0x19,handler 0x4416c; tools/measuring_vars.py
1680,0x7f9c28,2,,fmt=0x14 A=0x19,handler 0x441b4; tools/measuring_vars.py
1681,0x7f9c26,2,,fmt=0x14 A=0x19,handler 0x441fc; tools/measuring_vars.py
1682,0x7f9c24,2,,fmt=0x14 A=0x19,handler 0x44244; tools/measuring_vars.py
1683,0x80178c,2,,fmt=0x05 A=0x3c,handler 0x4428c; tools/measuring_vars.py
1686,0x803176,2,,fmt=0x36,handler 0x442d4; tools/measuring_vars.py
1687,0x8031d2,2,,fmt=0x63,handler 0x442e4; tools/measuring_vars.py
1688,0x7f9422,2,,fmt=0x53,handler 0x442f8; tools/measuring_vars.py
1689,0x7fd2d9,1,,fmt=0x10 A=0x03,handler 0x44314; also reads 0x80201e/1; tools/measuring_vars.py
1690,0x803198,2,,fmt=0x21 A=0xff,handler 0x44350; tools/measuring_vars.py
1691,0x8031ca,2,,fmt=0x53,handler 0x4436c; tools/measuring_vars.py
1692,0x801f99,1,,fmt=0x1a A=0x30,handler 0x44388; tools/measuring_vars.py
1693,0x7f940c,1,,fmt=0x1a A=0x30,handler 0x443a4; tools/measuring_vars.py
1695,0x7f9416,2,,fmt=0x3e A=0x19,handler 0x443c0; tools/measuring_vars.py
1698,0x7f9412,2,,fmt=0x53,handler 0x443e8; tools/measuring_vars.py
1699,0x7f9414,2,,fmt=0x53,handler 0x44404; tools/measuring_vars.py
1707,0x801ac4,2,,fmt=0x08 A=0x14,handler 0x44420; tools/measuring_vars.py
1708,0x801adc,2,,fmt=0x08 A=0x14,handler 0x44450; tools/measuring_vars.py
1709,0x801ad4,2,,fmt=0x1f A=0x50,handler 0x44480; tools/measuring_vars.py
1712,0x801348,1,,fmt=0x10 A=0xff,"handler 0x444ac; also reads 0x7f9dd9/1,0x7fed7c/2,0x8013f8/1,0x7f9dd8/1,0x7f9cfc/1; tools/measuring_vars.py"
1713,0x801348,1,,fmt=0x10 A=0xff,"handler 0x4458c; also reads 0x7f9ddb/1,0x7fed7c/2,0x8013f8/1,0x7f9dda/1,0x7f9cfe/1; tools/measuring_vars.py"
1714,0x801348,1,,fmt=0x10 A=0xff,"handler 0x4466c; also reads 0x7f9cd1/1,0x7f9cd3/1,0x7fed7c/2,0x7fd1bd/1,0x7f9d7b/1,0x7f9d7d/1; tools/measuring_vars.py"
1715,0x801348,1,,fmt=0x10 A=0xff,"handler 0x44740; also reads 0x7f9cf5/1,0x7f9dc7/1,0x801e64/1,0x801e65/1,0x801e66/1; tools/measuring_vars.py"
1716,0x801348,1,,fmt=0x10 A=0xff,"handler 0x44814; also reads 0x7f9cf7/1,0x7f9dc9/1,0x801e64/1,0x801e65/1,0x801e66/1; tools/measuring_vars.py"
1720,0x801348,1,,fmt=0x10 A=0xff,"handler 0x448e8; also reads 0x7f9ce1/1,0x7fd3cb/1,0x7feb54/1,0x7fd3e6/1; tools/measuring_vars.py"
1723,0x801348,1,,fmt=0x10 A=0xff,"handler 0x44998; also reads 0x7f9d4b/1,0x7febca/1,0x7fec20/1,0x7febcb/1; tools/measuring_vars.py"
1724,0x801348,1,,fmt=0x10 A=0xff,"handler 0x44a34; also reads 0x7f9d4d/1,0x7fec1e/1,0x7fec21/1,0x7fec1f/1; tools/measuring_vars.py"
1725,0x801348,1,,fmt=0x10 A=0xff,"handler 0x44ad0; also reads 0x7f9c57/1,0x7fd2df/1,0x7fd2eb/1,0x7fd2e0/1,0x7fd2e1/1,0x7fd2ea/1+more; tools/measuring_vars.py"
1726,0x801348,1,,fmt=0x10 A=0xff,"handler 0x44ba8; also reads 0x7f9d31/1,0x800f3e/1,0x7f9144/1,0x7fcfa0/1; tools/measuring_vars.py"
1727,0x7f91f2,2,,fmt=0x3d A=0xff,handler 0x44c6c; tools/measuring_vars.py
1728,0x7f91f0,2,,fmt=0x3d A=0xff,handler 0x44cb4; tools/measuring_vars.py
1729,0x8013d6,2,,fmt=0x3d A=0xff,handler 0x44cfc; tools/measuring_vars.py
1730,0x8013d4,2,,fmt=0x3d A=0xff,handler 0x44d44; tools/measuring_vars.py
1731,0x80145a,1,,fmt=0x36 A=0x00,handler 0x44d8c; tools/measuring_vars.py
1732,0x80145b,1,,fmt=0x36 A=0x00,handler 0x44d9c; tools/measuring_vars.py
1733,0x801a5e,2,,fmt=0x05 A=0x3c,handler 0x44dac; tools/measuring_vars.py
1744,0x802233,1,,fmt=0x75 A=0x4b,handler 0x44df4; tools/measuring_vars.py
1745,0x801b01,1,,fmt=0x36 A=0x00,handler 0x44e04; tools/measuring_vars.py
1748,0x80141a,2,,fmt=0x05 A=0x3c,handler 0x44e14; tools/measuring_vars.py
1749,0x8014de,2,,fmt=0x05 A=0x3c,handler 0x44e5c; tools/measuring_vars.py
1750,0x801968,2,,fmt=0x05 A=0x3c,handler 0x44ea4; tools/measuring_vars.py
1751,0x7f9227,1,,fmt=0x36 A=0x00,handler 0x44eec; tools/measuring_vars.py
1752,0x7fec56,1,,fmt=0x10 A=0xff,"handler 0x44efc; also reads 0x801424/1,0x801426/1,0x7fec5b/1,0x7f9d3f/1; tools/measuring_vars.py"
1753,0x7fec57,1,,fmt=0x10 A=0xff,"handler 0x44fbc; also reads 0x801425/1,0x801426/1,0x7fec5c/1,0x7f9d41/1; tools/measuring_vars.py"
1754,0x80150c,1,,fmt=0x10 A=0xff,"handler 0x4507c; also reads 0x801424/1,0x80143c/1,0x7fe9b6/1; tools/measuring_vars.py"
1755,0x80150d,1,,fmt=0x10 A=0xff,"handler 0x45124; also reads 0x801425/1,0x80143d/1,0x7fd291/1; tools/measuring_vars.py"
1756,0x7fd203,1,,fmt=0x10 A=0xff,"handler 0x451cc; also reads 0x7f9222/1,0x801905/1,0x7fed6c/2; tools/measuring_vars.py"
1757,0x7fd203,1,,fmt=0x10 A=0xff,"handler 0x45288; also reads 0x7f9222/1,0x801905/1,0x7feb59/1; tools/measuring_vars.py"
1758,0x7f9d3f,1,,fmt=0x10 A=0xff,"handler 0x45344; also reads 0x7f9d41/1,0x7f9d43/1,0x7f9d45/1; tools/measuring_vars.py"
1759,0x801952,2,,fmt=0x36,handler 0x45410; calls 0x410054; tools/measuring_vars.py
1768,0x802b4c,2,,fmt=0x25,"handler 0x45448; also reads 0x7fe960/1,0x7fd0cc/1; tools/measuring_vars.py"
1769,0x7f9d4b,1,,fmt=0x10 A=0xff,"handler 0x454b8; also reads 0x7f9d77/1,0x7f9d6b/1,0x7f9d37/1; tools/measuring_vars.py"
1770,0x7f9d77,1,,fmt=0x10 A=0xff,"handler 0x45584; also reads 0x7f9d6b/1,0x7f9d37/1; tools/measuring_vars.py"
1771,0x7f9d4b,1,,fmt=0x10 A=0xff,handler 0x45620; also reads 0x7f9d4d/1; tools/measuring_vars.py
1922,,,,,handler 0x4568c; calls 0xb2aa4; tools/measuring_vars.py
1923,,,,,handler 0x456bc; calls 0xb2aac; tools/measuring_vars.py
1924,,,,,handler 0x456ec; calls 0xb2ab4; tools/measuring_vars.py
1925,,,,,handler 0x4571c; calls 0xb2abc; tools/measuring_vars.py
2051,0x80235a,2,,fmt=0x21 A=0xff,handler 0x4574c; tools/measuring_vars.py
