start,end,r13_read,r13_write,r13_addr,abs_read,abs_write,abs_addr,ptr_words,ptr_cal,init_bytes,known,free_candidate
0x7F8000,0x7F801F,76,72,0,52,17,19,1,0,0,ext_sram_size_code,0
0x7F8020,0x7F803F,60,149,0,27,0,75,0,0,20,crt0_bss_clear_1,0
0x7F8040,0x7F805F,28,33,5,24,18,0,0,0,32,crt0_bss_clear_1,0
0x7F8060,0x7F807F,0,0,0,2,3,1,0,0,28,crt0_bss_clear_1,0
0x7F8080,0x7F809F,0,0,0,0,0,77,0,0,32,crt0_bss_clear_2,0
0x7F80A0,0x7F80BF,127,126,8,0,0,0,0,0,32,crt0_bss_clear_2,0
0x7F80C0,0x7F80DF,32,10,2,0,0,0,0,0,32,crt0_bss_clear_2,0
0x7F80E0,0x7F80FF,144,120,0,0,0,3,0,0,24,crt0_bss_clear_2,0
0x7F8100,0x7F811F,50,42,0,0,0,1,0,3,28,,0
0x7F8120,0x7F813F,63,41,0,0,0,0,0,0,32,,0
0x7F8140,0x7F815F,104,70,0,0,0,0,0,0,32,,0
0x7F8160,0x7F817F,1239,1035,1,0,0,0,0,0,32,,0
0x7F8180,0x7F819F,676,592,0,0,0,0,0,0,32,,0
0x7F81A0,0x7F81BF,61,65,0,0,0,0,0,0,32,,0
0x7F81C0,0x7F81DF,100,117,10,0,0,0,0,0,32,,0
0x7F81E0,0x7F81FF,82,100,8,0,0,0,1,0,32,,0
0x7F8200,0x7F821F,126,34,3,0,0,0,0,0,32,,0
0x7F8220,0x7F823F,36,35,0,0,0,1,0,1,19,,0
0x7F8240,0x7F825F,24,70,0,0,0,0,0,0,0,,0
0x7F8260,0x7F827F,45,61,0,0,0,0,0,0,0,,0
0x7F8280,0x7F829F,21,64,0,0,0,0,0,0,0,,0
0x7F82A0,0x7F82BF,20,65,0,0,0,0,0,0,0,,0
0x7F82C0,0x7F82DF,29,83,0,0,0,0,0,0,0,,0
0x7F82E0,0x7F82FF,46,86,1,0,0,0,0,0,0,,0
0x7F8300,0x7F831F,46,51,6,0,0,0,0,0,0,,0
0x7F8320,0x7F833F,20,56,0,0,0,0,0,0,0,,0
0x7F8340,0x7F835F,57,94,1,0,0,0,0,0,0,,0
0x7F8360,0x7F837F,0,0,4,0,0,0,1,2,0,,0
0x7F8380,0x7F839F,155,31,1,0,0,0,0,0,0,,0
0x7F83A0,0x7F83BF,60,12,4,0,0,0,0,0,0,,0
0x7F83C0,0x7F83DF,0,0,2,0,0,0,0,0,0,,0
0x7F83E0,0x7F83FF,14,36,4,0,0,0,0,0,0,,0
0x7F8400,0x7F841F,0,0,0,0,0,0,0,0,0,,1
0x7F8420,0x7F843F,30,34,4,0,0,2,0,0,0,,0
0x7F8440,0x7F845F,23,59,1,0,72,0,0,0,0,,0
0x7F8460,0x7F847F,46,81,2,0,0,0,0,0,0,,0
0x7F8480,0x7F849F,67,45,7,4,4,3,0,1,16,,0
0x7F84A0,0x7F84BF,51,47,9,12,8,6,0,0,32,,0
0x7F84C0,0x7F84DF,316,39,0,0,0,0,0,0,32,,0
0x7F84E0,0x7F84FF,114,49,0,0,0,0,0,0,32,,0
0x7F8500,0x7F851F,57,87,0,0,0,0,0,0,32,,0
0x7F8520,0x7F853F,133,135,2,0,0,0,0,0,32,,0
0x7F8540,0x7F855F,157,38,13,0,0,0,0,0,32,,0
0x7F8560,0x7F857F,0,0,0,0,0,0,0,0,32,,1
0x7F8580,0x7F859F,0,0,0,0,0,0,0,0,32,,1
0x7F85A0,0x7F85BF,0,0,0,0,0,0,0,0,32,,1
0x7F85C0,0x7F85DF,0,0,0,0,0,0,0,0,32,,1
0x7F85E0,0x7F85FF,0,4,0,0,0,0,0,0,32,,0
0x7F8600,0x7F861F,0,0,0,0,0,0,0,0,32,,1
0x7F8620,0x7F863F,0,0,0,0,0,0,0,0,32,,1
0x7F8640,0x7F865F,0,0,0,0,0,0,0,0,32,,1
0x7F8660,0x7F867F,17,32,3,0,0,0,0,0,32,,0
0x7F8680,0x7F869F,50,24,4,0,0,2,0,0,32,,0
0x7F86A0,0x7F86BF,69,41,2,0,0,0,0,0,32,,0
0x7F86C0,0x7F86DF,130,78,0,0,0,0,0,0,32,,0
0x7F86E0,0x7F86FF,72,52,1,0,0,0,0,0,32,,0
0x7F8700,0x7F871F,64,66,1,0,0,0,0,0,32,,0
0x7F8720,0x7F873F,8,4,2,0,0,1,0,0,32,,0
0x7F8740,0x7F875F,0,0,0,0,0,0,0,0,32,,1
0x7F8760,0x7F877F,0,0,0,0,0,0,0,0,32,,1
0x7F8780,0x7F879F,0,0,0,0,0,0,0,0,32,,1
0x7F87A0,0x7F87BF,0,0,0,0,0,0,0,0,32,,1
0x7F87C0,0x7F87DF,0,0,0,0,0,0,0,0,32,,1
0x7F87E0,0x7F87FF,0,0,0,0,0,0,0,0,32,,1
0x7F8800,0x7F881F,0,0,0,0,0,0,0,0,32,,1
0x7F8820,0x7F883F,0,0,0,0,0,1,0,0,32,,0
0x7F8840,0x7F885F,0,0,0,0,0,0,0,0,32,,1
0x7F8860,0x7F887F,0,0,0,0,0,0,0,0,32,,1
0x7F8880,0x7F889F,0,0,0,0,0,117,0,0,32,,0
0x7F88A0,0x7F88BF,0,0,0,0,0,5,0,0,32,,0
0x7F88C0,0x7F88DF,0,0,0,0,0,0,0,0,32,,1
0x7F88E0,0x7F88FF,0,0,0,0,0,0,0,0,32,,1
0x7F8900,0x7F891F,0,0,0,0,0,0,0,0,32,,1
0x7F8920,0x7F893F,0,0,0,0,0,0,0,0,32,,1
0x7F8940,0x7F895F,0,0,0,0,0,0,0,0,32,,1
0x7F8960,0x7F897F,0,0,0,0,0,0,0,0,32,,1
0x7F8980,0x7F899F,0,0,0,0,0,0,0,0,32,,1
0x7F89A0,0x7F89BF,0,0,0,0,0,0,0,0,32,,1
0x7F89C0,0x7F89DF,0,0,0,0,0,0,0,0,32,,1
0x7F89E0,0x7F89FF,0,0,0,0,0,0,0,0,32,,1
0x7F8A00,0x7F8A1F,0,0,0,0,0,0,0,0,32,,1
0x7F8A20,0x7F8A3F,0,0,0,0,0,0,0,0,32,,1
0x7F8A40,0x7F8A5F,0,0,0,0,0,0,0,0,32,,1
0x7F8A60,0x7F8A7F,0,0,0,0,0,0,0,0,32,,1
0x7F8A80,0x7F8A9F,0,0,0,0,0,0,0,0,32,,1
0x7F8AA0,0x7F8ABF,0,0,0,0,0,0,0,0,32,,1
0x7F8AC0,0x7F8ADF,0,0,0,0,0,0,0,0,32,,1
0x7F8AE0,0x7F8AFF,0,0,0,0,0,0,0,0,32,,1
0x7F8B00,0x7F8B1F,0,0,0,0,0,0,0,0,32,,1
0x7F8B20,0x7F8B3F,0,0,0,0,0,0,0,0,32,,1
0x7F8B40,0x7F8B5F,0,0,0,0,0,0,0,0,32,,1
0x7F8B60,0x7F8B7F,0,0,0,0,0,0,0,0,32,,1
0x7F8B80,0x7F8B9F,0,0,0,0,0,0,0,0,32,,1
0x7F8BA0,0x7F8BBF,0,0,0,0,0,0,0,0,32,,1
0x7F8BC0,0x7F8BDF,0,0,0,0,0,0,0,0,32,,1
0x7F8BE0,0x7F8BFF,0,0,0,0,0,0,0,0,32,,1
0x7F8C00,0x7F8C1F,0,0,0,0,0,0,0,0,32,,1
0x7F8C20,0x7F8C3F,0,0,0,0,0,0,0,0,32,,1
0x7F8C40,0x7F8C5F,0,0,0,0,0,0,0,0,32,,1
0x7F8C60,0x7F8C7F,0,0,0,0,0,0,0,0,32,,1
0x7F8C80,0x7F8C9F,0,0,0,0,0,0,0,0,32,,1
0x7F8CA0,0x7F8CBF,0,0,0,0,0,0,0,0,32,,1
0x7F8CC0,0x7F8CDF,0,0,0,0,0,0,1,0,32,,0
0x7F8CE0,0x7F8CFF,0,0,0,0,0,0,0,0,32,,1
0x7F8D00,0x7F8D1F,0,0,0,0,0,0,0,0,32,,1
0x7F8D20,0x7F8D3F,0,0,0,0,0,0,0,0,32,,1
0x7F8D40,0x7F8D5F,0,0,0,0,0,0,0,0,32,,1
0x7F8D60,0x7F8D7F,0,0,0,0,0,0,0,0,32,,1
0x7F8D80,0x7F8D9F,0,0,0,0,0,0,0,0,32,,1
0x7F8DA0,0x7F8DBF,0,0,0,0,0,0,0,0,32,,1
0x7F8DC0,0x7F8DDF,0,0,0,0,0,0,0,0,32,,1
0x7F8DE0,0x7F8DFF,0,0,0,0,0,0,0,0,32,,1
0x7F8E00,0x7F8E1F,0,0,0,0,0,0,0,0,32,,1
0x7F8E20,0x7F8E3F,0,0,0,0,0,0,0,0,32,,1
0x7F8E40,0x7F8E5F,0,0,0,0,0,0,0,0,32,,1
0x7F8E60,0x7F8E7F,0,0,0,0,0,0,0,0,32,,1
0x7F8E80,0x7F8E9F,0,0,0,0,0,0,0,0,32,,1
0x7F8EA0,0x7F8EBF,0,0,0,0,0,0,0,0,32,,1
0x7F8EC0,0x7F8EDF,0,0,0,0,0,0,0,0,32,,1
0x7F8EE0,0x7F8EFF,0,0,0,0,0,0,1,0,32,,0
0x7F8F00,0x7F8F1F,0,0,0,0,0,0,0,0,32,,1
0x7F8F20,0x7F8F3F,0,0,0,0,0,0,0,0,32,,1
0x7F8F40,0x7F8F5F,0,0,0,0,0,0,0,0,32,,1
0x7F8F60,0x7F8F7F,0,0,0,0,0,0,0,0,32,,1
0x7F8F80,0x7F8F9F,0,0,0,0,0,0,0,0,32,,1
0x7F8FA0,0x7F8FBF,0,0,0,0,0,0,0,0,32,,1
0x7F8FC0,0x7F8FDF,0,0,0,0,0,5,0,0,32,,0
0x7F8FE0,0x7F8FFF,0,0,0,0,0,0,0,0,32,,1
0x7F9000,0x7F901F,0,0,0,0,0,0,0,0,32,,1
0x7F9020,0x7F903F,0,0,0,0,0,0,0,0,32,,1
0x7F9040,0x7F905F,0,0,0,0,0,0,0,0,32,,1
0x7F9060,0x7F907F,0,0,0,0,0,0,0,0,32,,1
0x7F9080,0x7F909F,0,0,0,0,0,0,0,0,32,,1
0x7F90A0,0x7F90BF,0,0,0,0,0,0,0,0,32,,1
0x7F90C0,0x7F90DF,7,10,0,0,0,0,0,0,32,,0
0x7F90E0,0x7F90FF,142,221,8,0,0,2,0,0,32,,0
0x7F9100,0x7F911F,145,80,5,0,0,0,0,0,32,,0
0x7F9120,0x7F913F,101,80,2,0,0,0,0,0,32,,0
0x7F9140,0x7F915F,144,98,25,0,0,0,0,0,32,,0
0x7F9160,0x7F917F,83,85,4,0,0,0,0,0,32,,0
0x7F9180,0x7F919F,71,59,10,0,0,0,0,0,32,,0
0x7F91A0,0x7F91BF,18,64,9,0,0,0,0,0,32,,0
0x7F91C0,0x7F91DF,155,135,17,0,0,0,249,0,32,,0
0x7F91E0,0x7F91FF,87,73,17,0,0,0,0,0,32,,0
0x7F9200,0x7F921F,96,92,14,0,0,0,0,0,32,,0
0x7F9220,0x7F923F,105,92,1,0,0,0,0,0,32,,0
0x7F9240,0x7F925F,86,100,0,0,0,0,0,0,32,,0
0x7F9260,0x7F927F,0,64,0,0,0,0,0,0,32,,0
0x7F9280,0x7F929F,0,64,0,0,0,0,0,0,32,,0
0x7F92A0,0x7F92BF,8,66,0,0,0,0,0,2,32,,0
0x7F92C0,0x7F92DF,0,56,0,0,0,0,0,4,32,,0
0x7F92E0,0x7F92FF,0,56,0,0,0,0,0,4,32,,0
0x7F9300,0x7F931F,0,56,0,0,0,0,0,4,32,,0
0x7F9320,0x7F933F,0,56,0,0,0,0,0,4,32,,0
0x7F9340,0x7F935F,0,56,0,0,0,0,0,4,32,,0
0x7F9360,0x7F937F,68,76,4,0,0,0,0,2,32,,0
0x7F9380,0x7F939F,69,94,7,0,0,0,0,2,32,,0
0x7F93A0,0x7F93BF,99,99,5,0,0,0,0,0,32,,0
0x7F93C0,0x7F93DF,74,108,0,0,0,0,0,1,32,,0
0x7F93E0,0x7F93FF,13,77,0,0,0,0,0,3,32,,0
0x7F9400,0x7F941F,93,61,11,0,0,0,0,0,32,,0
0x7F9420,0x7F943F,131,50,18,0,0,0,0,0,32,,0
0x7F9440,0x7F945F,40,12,6,0,0,0,0,0,32,,0
0x7F9460,0x7F947F,0,0,6,0,0,0,0,0,32,,0
0x7F9480,0x7F949F,58,23,7,0,0,0,0,0,32,,0
0x7F94A0,0x7F94BF,22,35,14,0,0,0,0,0,32,,0
0x7F94C0,0x7F94DF,0,0,5,0,0,0,0,0,32,,0
0x7F94E0,0x7F94FF,4,4,6,0,0,0,1,0,32,,0
0x7F9500,0x7F951F,0,0,0,0,0,0,1,0,32,,0
0x7F9520,0x7F953F,0,0,0,0,0,0,1,0,32,,0
0x7F9540,0x7F955F,0,0,0,0,0,0,2,0,32,,0
0x7F9560,0x7F957F,0,0,0,0,0,0,1,0,32,,0
0x7F9580,0x7F959F,0,0,0,0,0,0,1,0,32,,0
0x7F95A0,0x7F95BF,0,0,0,0,0,0,2,0,32,,0
0x7F95C0,0x7F95DF,0,0,0,0,0,0,1,0,32,,0
0x7F95E0,0x7F95FF,0,0,0,0,0,0,1,0,32,,0
0x7F9600,0x7F961F,3,3,3,0,0,0,4,0,32,,0
0x7F9620,0x7F963F,8,2,1,0,0,0,2,0,32,,0
0x7F9640,0x7F965F,0,0,0,0,0,0,1,0,32,,0
0x7F9660,0x7F967F,0,0,0,0,0,0,1,0,32,,0
0x7F9680,0x7F969F,0,0,0,0,0,0,2,0,32,,0
0x7F96A0,0x7F96BF,2,2,0,0,0,0,1,0,32,,0
0x7F96C0,0x7F96DF,0,0,0,0,0,0,0,0,32,,1
0x7F96E0,0x7F96FF,0,0,0,0,0,0,1,0,32,,0
0x7F9700,0x7F971F,0,0,0,0,0,0,1,0,32,,0
0x7F9720,0x7F973F,0,0,0,0,0,0,0,0,32,,1
0x7F9740,0x7F975F,0,0,0,0,0,0,1,0,32,,0
0x7F9760,0x7F977F,0,0,0,0,0,0,1,0,32,,0
0x7F9780,0x7F979F,0,0,0,0,0,0,0,0,32,,1
0x7F97A0,0x7F97BF,0,0,0,0,0,0,1,0,32,,0
0x7F97C0,0x7F97DF,0,0,0,0,0,0,1,0,32,,0
0x7F97E0,0x7F97FF,0,0,0,0,0,0,0,0,32,,1
0x7F9800,0x7F981F,0,0,0,0,0,3,1,0,32,,0
0x7F9820,0x7F983F,0,0,0,0,0,0,1,0,32,,0
0x7F9840,0x7F985F,0,0,0,0,0,0,0,0,32,,1
0x7F9860,0x7F987F,0,0,0,0,0,0,1,0,32,,0
0x7F9880,0x7F989F,0,0,0,0,0,0,1,0,32,,0
0x7F98A0,0x7F98BF,0,0,0,0,0,0,0,0,32,,1
0x7F98C0,0x7F98DF,0,0,0,0,0,0,1,0,32,,0
0x7F98E0,0x7F98FF,0,0,0,0,0,0,1,0,32,,0
0x7F9900,0x7F991F,0,0,0,0,0,0,0,0,32,,1
0x7F9920,0x7F993F,0,0,0,0,0,0,1,0,32,,0
0x7F9940,0x7F995F,0,0,0,0,0,0,1,0,32,,0
0x7F9960,0x7F997F,0,0,0,0,0,0,0,0,32,,1
0x7F9980,0x7F999F,0,0,0,0,0,0,1,0,32,,0
0x7F99A0,0x7F99BF,0,0,0,0,0,0,1,0,32,,0
0x7F99C0,0x7F99DF,0,0,0,0,0,0,0,0,32,,1
0x7F99E0,0x7F99FF,0,0,0,0,0,0,1,0,32,,0
0x7F9A00,0x7F9A1F,0,0,0,0,0,0,1,0,32,,0
0x7F9A20,0x7F9A3F,0,0,0,0,0,0,0,0,32,,1
0x7F9A40,0x7F9A5F,0,0,0,0,0,0,1,0,32,,0
0x7F9A60,0x7F9A7F,0,0,0,0,0,0,1,0,32,,0
0x7F9A80,0x7F9A9F,0,0,0,0,0,0,0,0,32,,1
0x7F9AA0,0x7F9ABF,0,0,0,0,0,0,1,0,32,,0
0x7F9AC0,0x7F9ADF,0,0,0,0,0,0,1,0,32,,0
0x7F9AE0,0x7F9AFF,0,0,0,0,0,0,0,0,32,,1
0x7F9B00,0x7F9B1F,0,0,0,0,0,0,1,0,32,,0
0x7F9B20,0x7F9B3F,15,27,5,0,0,0,0,0,32,,0
0x7F9B40,0x7F9B5F,31,35,23,0,0,0,1,0,32,,0
0x7F9B60,0x7F9B7F,2,2,3,0,0,0,2,3,32,,0
0x7F9B80,0x7F9B9F,0,0,4,0,0,0,0,4,32,,0
0x7F9BA0,0x7F9BBF,0,0,4,0,0,0,0,4,32,,0
0x7F9BC0,0x7F9BDF,68,57,2,0,0,0,0,1,32,,0
0x7F9BE0,0x7F9BFF,39,52,0,0,0,0,0,0,32,,0
0x7F9C00,0x7F9C1F,44,60,4,0,0,0,0,0,32,,0
0x7F9C20,0x7F9C3F,82,58,32,0,0,0,0,0,32,,0
0x7F9C40,0x7F9C5F,103,23,75,0,0,0,0,0,32,,0
0x7F9C60,0x7F9C7F,83,0,1,0,0,0,0,0,32,,0
0x7F9C80,0x7F9C9F,120,0,0,0,0,0,0,0,32,,0
0x7F9CA0,0x7F9CBF,116,0,0,0,0,0,0,0,32,,0
0x7F9CC0,0x7F9CDF,92,0,8,0,0,0,0,0,32,,0
0x7F9CE0,0x7F9CFF,182,0,9,0,0,0,0,0,32,,0
0x7F9D00,0x7F9D1F,90,0,0,0,0,0,0,0,32,,0
0x7F9D20,0x7F9D3F,214,0,6,0,0,0,0,0,32,,0
0x7F9D40,0x7F9D5F,241,0,9,0,0,0,0,0,32,,0
0x7F9D60,0x7F9D7F,305,0,12,0,0,0,0,0,32,,0
0x7F9D80,0x7F9D9F,333,0,6,0,0,0,0,0,32,,0
0x7F9DA0,0x7F9DBF,123,0,7,0,0,0,0,0,32,,0
0x7F9DC0,0x7F9DDF,172,0,9,0,0,0,0,0,32,,0
0x7F9DE0,0x7F9DFF,175,0,2,0,0,0,0,0,32,,0
0x7F9E00,0x7F9E1F,125,0,0,0,0,0,0,0,32,,0
0x7F9E20,0x7F9E3F,113,0,0,8,2,25,0,0,32,kwp_protected_window,0
0x7F9E40,0x7F9E5F,0,0,0,0,0,0,0,0,32,kwp_protected_window,0
0x7F9E60,0x7F9E7F,0,0,0,2,2,0,0,0,32,kwp_protected_window,0
0x7F9E80,0x7F9E9F,0,0,2,7,0,23,1,0,32,eep_mirror+kwp_protected_window,0
0x7F9EA0,0x7F9EBF,0,0,0,0,0,0,0,0,32,eep_mirror+kwp_protected_window,0
0x7F9EC0,0x7F9EDF,0,0,0,0,0,0,0,0,32,eep_mirror+kwp_protected_window,0
0x7F9EE0,0x7F9EFF,0,0,0,0,0,0,0,0,32,eep_mirror+kwp_protected_window,0
0x7F9F00,0x7F9F1F,0,0,0,0,0,0,0,0,32,eep_mirror+kwp_protected_window,0
0x7F9F20,0x7F9F3F,0,0,0,0,0,0,1,0,32,eep_mirror+kwp_protected_window,0
0x7F9F40,0x7F9F5F,0,0,0,0,0,0,0,0,32,eep_mirror+kwp_protected_window,0
0x7F9F60,0x7F9F7F,0,0,0,6,0,0,4,0,32,eep_mirror+kwp_protected_window,0
0x7F9F80,0x7F9F9F,0,0,0,0,0,0,0,0,32,eep_mirror+kwp_protected_window,0
0x7F9FA0,0x7F9FBF,0,0,0,0,0,0,0,0,32,eep_mirror+kwp_protected_window,0
0x7F9FC0,0x7F9FDF,0,0,0,0,0,0,0,0,32,eep_mirror+kwp_protected_window,0
0x7F9FE0,0x7F9FFF,0,0,0,0,0,0,0,0,32,eep_mirror+kwp_protected_window,0
0x7FA000,0x7FA01F,0,0,0,0,0,0,0,0,32,eep_mirror+kwp_protected_window,0
0x7FA020,0x7FA03F,0,0,0,5,0,0,0,0,32,eep_mirror+kwp_protected_window,0
0x7FA040,0x7FA05F,0,0,0,0,0,0,0,0,32,eep_mirror+kwp_protected_window,0
0x7FA060,0x7FA07F,0,0,0,0,0,0,0,0,32,eep_mirror+kwp_protected_window,0
0x7FA080,0x7FA09F,0,0,0,0,0,0,0,0,32,eep_mirror+kwp_protected_window,0
0x7FA0A0,0x7FA0BF,0,0,0,0,0,0,0,0,32,eep_mirror+kwp_protected_window,0
0x7FA0C0,0x7FA0DF,0,0,0,0,0,0,0,0,32,eep_mirror+kwp_protected_window,0
0x7FA0E0,0x7FA0FF,0,0,0,0,0,0,0,0,32,eep_mirror+kwp_protected_window,0
0x7FA100,0x7FA11F,0,0,0,0,0,0,0,0,32,eep_mirror+kwp_protected_window,0
0x7FA120,0x7FA13F,0,0,0,0,0,0,0,0,32,eep_mirror+kwp_protected_window,0
0x7FA140,0x7FA15F,0,0,0,0,0,0,0,0,32,eep_mirror+kwp_protected_window,0
0x7FA160,0x7FA17F,0,0,0,0,0,0,0,0,32,eep_mirror+kwp_protected_window,0
0x7FA180,0x7FA19F,0,0,0,0,0,0,0,0,32,eep_mirror+kwp_protected_window,0
0x7FA1A0,0x7FA1BF,0,0,0,0,0,0,0,0,32,eep_mirror+kwp_protected_window,0
0x7FA1C0,0x7FA1DF,0,0,0,0,0,0,0,0,32,eep_mirror+kwp_protected_window,0
0x7FA1E0,0x7FA1FF,0,0,0,0,0,0,0,0,32,eep_mirror+kwp_protected_window,0
0x7FA200,0x7FA21F,0,0,0,0,0,0,0,0,32,eep_mirror+kwp_protected_window,0
0x7FA220,0x7FA23F,0,0,0,0,0,0,0,0,32,eep_mirror+kwp_protected_window,0
0x7FA240,0x7FA25F,0,0,0,0,0,0,0,0,32,eep_mirror+kwp_protected_window,0
0x7FA260,0x7FA27F,0,0,0,0,0,0,0,0,32,eep_mirror+kwp_protected_window,0
0x7FA280,0x7FA29F,0,0,0,0,0,0,0,0,32,eep_mirror+kwp_protected_window,0
0x7FA2A0,0x7FA2BF,0,0,0,0,0,0,0,0,32,eep_mirror+kwp_protected_window,0
0x7FA2C0,0x7FA2DF,0,0,0,0,0,0,0,0,32,eep_mirror+kwp_protected_window,0
0x7FA2E0,0x7FA2FF,0,0,0,0,0,0,0,0,32,eep_mirror+kwp_protected_window,0
0x7FA300,0x7FA31F,0,0,0,0,0,0,0,0,32,eep_mirror+kwp_protected_window,0
0x7FA320,0x7FA33F,0,0,0,0,0,0,0,0,32,eep_mirror+kwp_protected_window,0
0x7FA340,0x7FA35F,0,0,0,0,0,0,0,0,32,eep_mirror+kwp_protected_window,0
0x7FA360,0x7FA37F,0,0,0,0,0,0,0,0,32,eep_mirror+kwp_protected_window,0
0x7FA380,0x7FA39F,0,0,0,0,0,0,0,0,32,eep_mirror+kwp_protected_window,0
0x7FA3A0,0x7FA3BF,0,0,0,0,0,0,0,0,32,eep_mirror+kwp_protected_window,0
0x7FA3C0,0x7FA3DF,0,0,0,0,0,0,0,0,32,eep_mirror+kwp_protected_window,0
0x7FA3E0,0x7FA3FF,0,0,0,0,0,0,1,0,32,eep_mirror+kwp_protected_window,0
0x7FA400,0x7FA41F,0,0,0,0,0,0,0,0,32,eep_mirror+kwp_protected_window,0
0x7FA420,0x7FA43F,0,0,0,0,0,0,0,0,32,eep_mirror+kwp_protected_window,0
0x7FA440,0x7FA45F,0,0,0,0,0,0,0,0,32,eep_mirror+kwp_protected_window,0
0x7FA460,0x7FA47F,0,0,0,0,0,1,2,0,32,eep_mirror+kwp_protected_window,0
0x7FA480,0x7FA49F,0,0,0,0,0,1,0,0,32,,0
0x7FA4A0,0x7FA4BF,0,0,0,1,1,2,0,0,32,,0
0x7FA4C0,0x7FA4DF,0,0,0,0,0,0,0,0,32,,1
0x7FA4E0,0x7FA4FF,0,0,0,0,0,0,0,0,32,,1
0x7FA500,0x7FA51F,0,0,0,0,0,0,0,0,32,,1
0x7FA520,0x7FA53F,0,0,0,0,0,0,0,0,32,,1
0x7FA540,0x7FA55F,0,0,0,0,0,0,0,0,32,,1
0x7FA560,0x7FA57F,0,0,0,0,0,0,0,0,32,,1
0x7FA580,0x7FA59F,0,0,0,0,0,0,0,0,32,,1
0x7FA5A0,0x7FA5BF,0,0,0,0,0,0,0,0,32,,1
0x7FA5C0,0x7FA5DF,0,0,0,0,0,0,0,0,32,,1
0x7FA5E0,0x7FA5FF,0,0,0,0,0,0,0,0,32,,1
0x7FA600,0x7FA61F,0,0,0,0,0,0,0,0,32,,1
0x7FA620,0x7FA63F,54,25,33,16,32,8,0,0,32,,0
0x7FA640,0x7FA65F,106,58,0,0,0,0,0,0,32,,0
0x7FA660,0x7FA67F,30,0,0,0,0,0,0,0,32,,0
0x7FA680,0x7FA69F,7,0,28,0,0,0,0,0,32,,0
0x7FA6A0,0x7FA6BF,0,0,0,0,0,0,0,0,32,,1
0x7FA6C0,0x7FA6DF,0,0,0,0,0,0,0,0,32,,1
0x7FA6E0,0x7FA6FF,0,0,0,0,0,0,0,0,32,,1
0x7FA700,0x7FA71F,0,0,0,0,0,0,0,0,32,,1
0x7FA720,0x7FA73F,0,0,0,0,0,0,0,0,32,,1
0x7FA740,0x7FA75F,0,0,0,0,0,0,0,0,32,,1
0x7FA760,0x7FA77F,0,0,0,0,0,0,0,0,32,,1
0x7FA780,0x7FA79F,0,19,3,0,0,0,0,0,32,,0
0x7FA7A0,0x7FA7BF,0,3,8,0,0,0,0,0,32,,0
0x7FA7C0,0x7FA7DF,0,0,0,0,0,0,0,0,32,,1
0x7FA7E0,0x7FA7FF,0,0,5,0,0,0,0,0,32,,0
0x7FA800,0x7FA81F,0,0,0,0,0,0,0,0,32,,1
0x7FA820,0x7FA83F,0,0,8,0,0,0,0,0,32,,0
0x7FA840,0x7FA85F,0,0,0,0,0,0,0,0,32,,1
0x7FA860,0x7FA87F,0,0,21,0,0,0,0,0,32,,0
0x7FA880,0x7FA89F,0,0,0,0,0,0,0,0,32,,1
0x7FA8A0,0x7FA8BF,2,0,9,0,0,0,0,0,32,,0
0x7FA8C0,0x7FA8DF,0,0,0,0,0,0,0,0,32,,1
0x7FA8E0,0x7FA8FF,0,0,0,0,0,0,0,0,32,,1
0x7FA900,0x7FA91F,0,0,0,0,0,0,0,0,32,,1
0x7FA920,0x7FA93F,0,0,0,0,0,0,0,0,32,,1
0x7FA940,0x7FA95F,2,0,9,0,0,0,0,0,32,,0
0x7FA960,0x7FA97F,4,2,9,0,0,0,58,0,32,,0
0x7FA980,0x7FA99F,0,0,0,0,0,4,0,0,32,,0
0x7FA9A0,0x7FA9BF,0,0,0,0,0,0,0,0,32,,1
0x7FA9C0,0x7FA9DF,0,0,0,0,0,0,0,0,32,,1
0x7FA9E0,0x7FA9FF,0,0,0,0,0,0,0,0,32,,1
0x7FAA00,0x7FAA1F,0,0,0,0,0,0,0,0,32,,1
0x7FAA20,0x7FAA3F,0,0,0,0,0,0,1,0,32,,0
0x7FAA40,0x7FAA5F,0,0,0,0,0,0,0,0,32,,1
0x7FAA60,0x7FAA7F,0,0,0,0,0,0,1,0,32,,0
0x7FAA80,0x7FAA9F,0,0,0,0,0,0,1,0,32,,0
0x7FAAA0,0x7FAABF,0,0,0,0,0,0,0,0,32,,1
0x7FAAC0,0x7FAADF,4,17,0,11,8,15,0,3,28,,0
0x7FAAE0,0x7FAAFF,2,2,6,12,0,3,0,0,32,,0
0x7FAB00,0x7FAB1F,12,18,1,0,0,0,0,0,32,,0
0x7FAB20,0x7FAB3F,0,9,4,0,0,0,0,0,32,,0
0x7FAB40,0x7FAB5F,2,13,2,16,0,2,0,0,32,,0
0x7FAB60,0x7FAB7F,0,0,0,20,0,4,1,0,32,,0
0x7FAB80,0x7FAB9F,0,0,0,0,0,0,1,0,32,,0
0x7FABA0,0x7FABBF,0,0,0,8,0,6,0,0,32,,0
0x7FABC0,0x7FABDF,0,0,0,36,0,5,0,0,32,,0
0x7FABE0,0x7FABFF,0,0,0,18,0,2,6,0,32,,0
0x7FAC00,0x7FAC1F,0,0,0,8,0,3,6,0,32,,0
0x7FAC20,0x7FAC3F,0,0,0,19,0,3,3,0,32,,0
0x7FAC40,0x7FAC5F,0,0,0,0,0,0,2,0,32,,0
0x7FAC60,0x7FAC7F,0,0,0,0,0,0,13,0,32,,0
0x7FAC80,0x7FAC9F,0,0,0,0,0,0,6,0,32,,0
0x7FACA0,0x7FACBF,0,0,0,0,0,0,11,0,32,,0
0x7FACC0,0x7FACDF,0,0,0,0,0,0,8,0,32,,0
0x7FACE0,0x7FACFF,0,0,0,0,0,0,12,0,32,,0
0x7FAD00,0x7FAD1F,0,0,0,0,0,0,7,0,32,,0
0x7FAD20,0x7FAD3F,0,0,0,4,0,4,8,0,32,,0
0x7FAD40,0x7FAD5F,0,0,0,0,0,6,0,0,32,,0
0x7FAD60,0x7FAD7F,0,0,0,0,0,6,0,0,32,,0
0x7FAD80,0x7FAD9F,0,4,1,0,0,1,0,0,32,,0
0x7FADA0,0x7FADBF,13,15,5,2,1,17,0,0,32,,0
0x7FADC0,0x7FADDF,33,40,4,0,0,0,0,0,32,,0
0x7FADE0,0x7FADFF,46,38,20,0,0,0,2,0,32,,0
0x7FAE00,0x7FAE1F,28,40,1,0,0,0,0,0,32,,0
0x7FAE20,0x7FAE3F,53,51,0,0,0,0,0,0,32,,0
0x7FAE40,0x7FAE5F,77,30,0,0,0,3,0,0,32,,0
0x7FAE60,0x7FAE7F,0,0,0,0,0,3,0,0,32,,0
0x7FAE80,0x7FAE9F,0,0,0,0,0,2,0,0,32,,0
0x7FAEA0,0x7FAEBF,0,0,0,0,0,3,1,0,32,,0
0x7FAEC0,0x7FAEDF,0,0,0,0,0,3,0,0,32,,0
0x7FAEE0,0x7FAEFF,22,44,2,0,0,0,0,0,32,,0
0x7FAF00,0x7FAF1F,38,48,4,0,0,0,0,0,32,,0
0x7FAF20,0x7FAF3F,127,126,0,0,0,0,1,0,32,,0
0x7FAF40,0x7FAF5F,47,31,8,0,0,2,0,0,32,,0
0x7FAF60,0x7FAF7F,0,0,0,0,0,0,0,0,32,,1
0x7FAF80,0x7FAF9F,0,0,0,0,0,0,0,0,32,,1
0x7FAFA0,0x7FAFBF,0,0,0,0,0,0,0,0,32,,1
0x7FAFC0,0x7FAFDF,12,9,0,0,0,0,0,0,32,,0
0x7FAFE0,0x7FAFFF,33,28,10,0,0,0,0,0,32,,0
0x7FB000,0x7FB01F,37,61,1,0,0,0,0,0,32,,0
0x7FB020,0x7FB03F,20,62,1,0,0,0,0,0,32,,0
0x7FB040,0x7FB05F,65,104,4,0,0,0,0,0,32,,0
0x7FB060,0x7FB07F,19,46,1,0,0,0,2,0,32,,0
0x7FB080,0x7FB09F,0,24,2,0,0,0,0,0,32,,0
0x7FB0A0,0x7FB0BF,0,24,2,0,0,0,0,0,32,,0
0x7FB0C0,0x7FB0DF,0,12,2,0,0,0,0,0,32,,0
0x7FB0E0,0x7FB0FF,0,12,2,0,0,0,0,0,32,,0
0x7FB100,0x7FB11F,2,26,1,0,0,0,0,0,32,,0
0x7FB120,0x7FB13F,40,58,1,0,0,0,0,0,32,,0
0x7FB140,0x7FB15F,6,10,7,0,0,2,0,0,32,,0
0x7FB160,0x7FB17F,0,32,7,0,0,0,0,0,32,,0
0x7FB180,0x7FB19F,18,40,0,0,0,0,0,0,32,,0
0x7FB1A0,0x7FB1BF,44,52,2,0,0,0,0,0,32,,0
0x7FB1C0,0x7FB1DF,42,88,0,0,0,0,0,0,32,,0
0x7FB1E0,0x7FB1FF,16,64,8,0,0,0,0,0,32,,0
0x7FB200,0x7FB21F,0,32,0,0,0,0,1,0,32,,0
0x7FB220,0x7FB23F,58,46,0,0,0,1,0,0,32,,0
0x7FB240,0x7FB25F,0,0,0,0,0,0,0,0,32,,1
0x7FB260,0x7FB27F,0,0,0,0,0,0,0,0,32,,1
0x7FB280,0x7FB29F,0,0,0,0,0,1,1,0,32,,0
0x7FB2A0,0x7FB2BF,0,0,0,0,0,0,0,0,32,,1
0x7FB2C0,0x7FB2DF,18,20,0,0,0,3,0,0,32,,0
0x7FB2E0,0x7FB2FF,0,0,0,0,0,0,0,0,32,,1
0x7FB300,0x7FB31F,0,0,0,0,0,0,0,0,32,,1
0x7FB320,0x7FB33F,20,28,0,0,0,6,0,0,32,,0
0x7FB340,0x7FB35F,10,12,1,0,0,0,5,0,32,,0
0x7FB360,0x7FB37F,0,0,0,0,0,0,0,0,32,,1
0x7FB380,0x7FB39F,0,0,0,0,0,0,0,0,32,,1
0x7FB3A0,0x7FB3BF,24,44,1,0,0,0,0,0,32,,0
0x7FB3C0,0x7FB3DF,158,101,0,0,0,0,0,0,32,,0
0x7FB3E0,0x7FB3FF,42,141,2,0,0,0,0,0,32,,0
0x7FB400,0x7FB41F,14,19,0,0,0,0,0,0,32,,0
0x7FB420,0x7FB43F,154,157,0,0,0,0,0,0,32,,0
0x7FB440,0x7FB45F,62,121,0,0,0,0,0,0,32,,0
0x7FB460,0x7FB47F,43,57,0,0,0,0,0,0,32,,0
0x7FB480,0x7FB49F,31,40,0,0,0,0,1,0,32,,0
0x7FB4A0,0x7FB4BF,30,21,7,0,0,0,0,0,32,,0
0x7FB4C0,0x7FB4DF,7,23,14,0,0,0,0,0,32,,0
0x7FB4E0,0x7FB4FF,16,20,10,0,0,0,0,0,32,,0
0x7FB500,0x7FB51F,17,23,18,0,0,0,0,0,32,,0
0x7FB520,0x7FB53F,29,24,11,0,0,0,0,0,32,,0
0x7FB540,0x7FB55F,48,24,8,0,0,0,0,0,32,,0
0x7FB560,0x7FB57F,32,26,6,0,0,0,0,0,32,,0
0x7FB580,0x7FB59F,27,0,18,0,0,0,1,0,32,,0
0x7FB5A0,0x7FB5BF,11,9,17,0,0,0,0,0,32,,0
0x7FB5C0,0x7FB5DF,8,13,8,0,0,0,0,0,32,,0
0x7FB5E0,0x7FB5FF,9,6,4,0,0,0,0,0,32,,0
0x7FB600,0x7FB61F,6,18,6,0,0,0,0,0,32,,0
0x7FB620,0x7FB63F,25,39,3,0,0,0,0,0,32,,0
0x7FB640,0x7FB65F,21,52,14,0,0,0,0,0,32,,0
0x7FB660,0x7FB67F,31,27,8,0,0,0,0,0,32,,0
0x7FB680,0x7FB69F,176,31,22,0,0,0,0,0,32,,0
0x7FB6A0,0x7FB6BF,15,20,9,0,0,0,0,0,32,,0
0x7FB6C0,0x7FB6DF,26,36,2,0,0,0,0,0,32,,0
0x7FB6E0,0x7FB6FF,52,105,2,0,0,0,0,0,32,,0
0x7FB700,0x7FB71F,15,35,1,0,0,0,0,0,32,,0
0x7FB720,0x7FB73F,3,9,2,0,0,0,2,0,32,,0
0x7FB740,0x7FB75F,39,49,10,0,0,0,0,0,32,,0
0x7FB760,0x7FB77F,29,41,3,0,0,0,0,0,32,,0
0x7FB780,0x7FB79F,21,33,3,0,0,0,0,0,32,,0
0x7FB7A0,0x7FB7BF,0,4,0,0,0,0,0,0,32,,0
0x7FB7C0,0x7FB7DF,33,60,4,0,0,0,0,0,32,,0
0x7FB7E0,0x7FB7FF,64,41,23,0,0,0,0,0,32,,0
0x7FB800,0x7FB81F,76,57,3,0,0,0,0,0,32,,0
0x7FB820,0x7FB83F,29,40,1,0,0,0,0,0,32,,0
0x7FB840,0x7FB85F,13,12,4,0,0,0,0,0,32,,0
0x7FB860,0x7FB87F,6,0,2,0,0,0,0,0,32,,0
0x7FB880,0x7FB89F,13,5,5,0,0,0,0,0,32,,0
0x7FB8A0,0x7FB8BF,33,5,2,0,0,0,0,0,32,,0
0x7FB8C0,0x7FB8DF,0,0,0,0,0,0,2,0,32,,0
0x7FB8E0,0x7FB8FF,27,51,0,0,0,0,0,0,32,,0
0x7FB900,0x7FB91F,50,56,0,0,0,0,0,0,32,,0
0x7FB920,0x7FB93F,98,82,4,0,0,0,2,0,32,,0
0x7FB940,0x7FB95F,0,0,0,0,0,6,0,0,32,,0
0x7FB960,0x7FB97F,0,0,0,0,0,8,0,0,32,,0
0x7FB980,0x7FB99F,0,4,0,64,4,9,1,0,32,,0
0x7FB9A0,0x7FB9BF,0,4,2,20,0,42,0,0,32,,0
0x7FB9C0,0x7FB9DF,0,4,2,8,0,9,0,0,32,,0
0x7FB9E0,0x7FB9FF,0,0,1,6,0,23,0,0,32,,0
0x7FBA00,0x7FBA1F,0,0,2,36,10,25,1,0,32,,0
0x7FBA20,0x7FBA3F,2,3,2,0,0,0,2,0,32,,0
0x7FBA40,0x7FBA5F,144,90,1,0,0,0,0,0,32,,0
0x7FBA60,0x7FBA7F,78,129,0,0,0,0,0,0,32,,0
0x7FBA80,0x7FBA9F,16,70,17,0,0,0,0,0,32,,0
0x7FBAA0,0x7FBABF,26,60,9,0,0,0,0,0,32,,0
0x7FBAC0,0x7FBADF,16,20,8,0,0,0,0,0,32,,0
0x7FBAE0,0x7FBAFF,9,4,14,0,0,0,0,0,32,,0
0x7FBB00,0x7FBB1F,8,9,20,0,0,0,1,0,32,,0
0x7FBB20,0x7FBB3F,14,21,10,0,0,0,0,0,32,,0
0x7FBB40,0x7FBB5F,15,24,22,0,0,0,0,0,32,,0
0x7FBB60,0x7FBB7F,11,36,36,0,0,0,0,0,32,,0
0x7FBB80,0x7FBB9F,13,42,44,0,0,0,0,0,32,,0
0x7FBBA0,0x7FBBBF,13,26,21,0,0,0,0,0,32,,0
0x7FBBC0,0x7FBBDF,13,44,32,0,0,0,1,0,32,,0
0x7FBBE0,0x7FBBFF,13,42,26,0,0,0,0,0,32,,0
0x7FBC00,0x7FBC1F,10,24,24,0,0,0,0,0,32,,0
0x7FBC20,0x7FBC3F,17,24,6,0,0,0,0,0,32,,0
0x7FBC40,0x7FBC5F,8,27,20,0,0,0,0,0,32,,0
0x7FBC60,0x7FBC7F,25,49,4,0,0,0,0,0,32,,0
0x7FBC80,0x7FBC9F,30,8,10,0,0,0,0,0,32,,0
0x7FBCA0,0x7FBCBF,10,20,12,0,0,0,0,0,32,,0
0x7FBCC0,0x7FBCDF,20,40,12,0,0,0,0,0,32,,0
0x7FBCE0,0x7FBCFF,24,34,6,0,0,0,0,0,32,,0
0x7FBD00,0x7FBD1F,21,15,9,0,0,0,0,0,32,,0
0x7FBD20,0x7FBD3F,26,28,12,0,0,0,0,0,32,,0
0x7FBD40,0x7FBD5F,21,32,6,0,0,0,0,0,32,,0
0x7FBD60,0x7FBD7F,6,24,2,0,0,0,0,0,32,,0
0x7FBD80,0x7FBD9F,7,15,2,0,0,0,0,0,32,,0
0x7FBDA0,0x7FBDBF,15,15,2,0,0,0,0,0,32,,0
0x7FBDC0,0x7FBDDF,24,32,11,0,0,0,0,0,32,,0
0x7FBDE0,0x7FBDFF,15,26,9,0,0,0,0,0,32,,0
0x7FBE00,0x7FBE1F,15,26,11,0,0,0,0,0,32,,0
0x7FBE20,0x7FBE3F,16,44,4,0,0,0,0,0,32,,0
0x7FBE40,0x7FBE5F,24,38,9,0,0,0,0,0,32,,0
0x7FBE60,0x7FBE7F,16,8,9,0,0,0,0,0,32,,0
0x7FBE80,0x7FBE9F,33,37,2,0,0,0,0,0,32,,0
0x7FBEA0,0x7FBEBF,24,32,4,0,0,0,0,0,32,,0
0x7FBEC0,0x7FBEDF,32,32,9,0,0,0,0,0,32,,0
0x7FBEE0,0x7FBEFF,16,18,10,0,0,0,0,0,32,,0
0x7FBF00,0x7FBF1F,7,14,0,0,0,0,0,0,32,,0
0x7FBF20,0x7FBF3F,7,21,1,0,0,0,0,0,32,,0
0x7FBF40,0x7FBF5F,27,11,4,0,0,0,0,0,32,,0
0x7FBF60,0x7FBF7F,22,37,20,0,0,0,0,0,32,,0
0x7FBF80,0x7FBF9F,19,34,10,0,0,0,0,0,32,,0
0x7FBFA0,0x7FBFBF,23,49,11,0,0,0,0,0,32,,0
0x7FBFC0,0x7FBFDF,22,23,11,0,0,0,0,0,32,,0
0x7FBFE0,0x7FBFFF,14,25,15,0,0,0,0,0,32,,0
0x7FC000,0x7FC01F,19,26,27,0,0,0,0,0,32,,0
0x7FC020,0x7FC03F,12,8,24,0,0,0,0,0,32,,0
0x7FC040,0x7FC05F,15,12,22,0,0,0,0,0,32,,0
0x7FC060,0x7FC07F,16,17,16,0,0,0,0,0,32,,0
0x7FC080,0x7FC09F,16,9,17,0,0,0,0,0,32,,0
0x7FC0A0,0x7FC0BF,16,0,15,0,0,0,0,0,32,,0
0x7FC0C0,0x7FC0DF,13,2,36,0,0,0,0,0,32,,0
0x7FC0E0,0x7FC0FF,3,11,0,0,0,0,1,0,32,,0
0x7FC100,0x7FC11F,32,30,2,0,0,0,0,0,32,,0
0x7FC120,0x7FC13F,8,18,5,0,0,0,0,0,32,,0
0x7FC140,0x7FC15F,21,28,2,0,0,0,0,0,32,,0
0x7FC160,0x7FC17F,29,67,2,0,0,0,0,0,32,,0
0x7FC180,0x7FC19F,38,62,5,0,0,0,1,0,32,,0
0x7FC1A0,0x7FC1BF,32,45,11,0,0,0,1,0,32,,0
0x7FC1C0,0x7FC1DF,26,24,7,0,0,0,0,0,32,,0
0x7FC1E0,0x7FC1FF,0,0,0,0,0,0,0,0,32,,1
0x7FC200,0x7FC21F,22,26,5,0,0,0,0,0,32,,0
0x7FC220,0x7FC23F,21,19,5,0,0,0,0,0,32,,0
0x7FC240,0x7FC25F,25,29,0,0,0,0,0,0,32,,0
0x7FC260,0x7FC27F,8,8,4,0,0,0,0,0,32,,0
0x7FC280,0x7FC29F,8,4,1,0,0,0,1,0,32,,0
0x7FC2A0,0x7FC2BF,4,0,0,0,0,0,1,0,32,,0
0x7FC2C0,0x7FC2DF,44,107,0,0,0,0,0,0,32,,0
0x7FC2E0,0x7FC2FF,12,45,0,0,0,8,0,0,32,,0
0x7FC300,0x7FC31F,0,0,0,1,0,17,0,0,32,,0
0x7FC320,0x7FC33F,0,0,0,0,0,2,0,0,32,,0
0x7FC340,0x7FC35F,0,0,0,4,0,0,0,0,32,,0
0x7FC360,0x7FC37F,0,0,0,0,0,2,0,0,32,,0
0x7FC380,0x7FC39F,0,0,0,0,0,18,0,0,32,,0
0x7FC3A0,0x7FC3BF,0,0,0,0,0,0,0,0,32,,1
0x7FC3C0,0x7FC3DF,0,0,0,0,0,0,0,0,32,,1
0x7FC3E0,0x7FC3FF,0,0,0,0,0,19,0,0,32,,0
0x7FC400,0x7FC41F,0,0,0,0,0,0,0,0,32,,1
0x7FC420,0x7FC43F,0,0,0,2,0,11,0,0,32,,0
0x7FC440,0x7FC45F,0,0,0,0,0,0,2,0,32,,0
0x7FC460,0x7FC47F,0,12,0,0,4,2,0,0,32,,0
0x7FC480,0x7FC49F,0,0,0,0,0,31,0,0,32,,0
0x7FC4A0,0x7FC4BF,0,0,0,0,0,5,1,0,32,,0
0x7FC4C0,0x7FC4DF,0,0,0,0,0,12,1,0,32,,0
0x7FC4E0,0x7FC4FF,0,0,0,0,1,5,2,0,32,,0
0x7FC500,0x7FC51F,0,0,0,0,0,0,1,0,32,,0
0x7FC520,0x7FC53F,4,4,5,0,0,5,2,0,32,,0
0x7FC540,0x7FC55F,0,0,0,1,0,0,2,0,32,,0
0x7FC560,0x7FC57F,0,0,0,0,0,0,0,0,32,,1
0x7FC580,0x7FC59F,0,0,0,0,0,0,1,0,32,,0
0x7FC5A0,0x7FC5BF,0,0,0,0,0,0,0,0,32,,1
0x7FC5C0,0x7FC5DF,0,0,0,0,0,0,5,0,32,,0
0x7FC5E0,0x7FC5FF,0,0,0,0,0,0,3,0,32,,0
0x7FC600,0x7FC61F,0,0,0,0,0,0,1,0,32,,0
0x7FC620,0x7FC63F,0,0,0,0,0,0,1,0,32,,0
0x7FC640,0x7FC65F,0,0,0,0,0,0,1,0,32,,0
0x7FC660,0x7FC67F,0,0,0,0,0,0,3,0,32,,0
0x7FC680,0x7FC69F,0,0,0,0,0,0,3,0,32,,0
0x7FC6A0,0x7FC6BF,0,0,0,0,0,0,1,0,32,,0
0x7FC6C0,0x7FC6DF,0,0,0,0,0,0,1,0,32,,0
0x7FC6E0,0x7FC6FF,0,0,0,0,0,0,2,0,32,,0
0x7FC700,0x7FC71F,0,0,0,0,0,0,2,0,32,,0
0x7FC720,0x7FC73F,0,0,0,0,0,0,3,0,32,,0
0x7FC740,0x7FC75F,0,0,0,0,0,0,1,0,32,,0
0x7FC760,0x7FC77F,0,0,0,0,0,0,1,0,32,,0
0x7FC780,0x7FC79F,0,0,0,0,0,0,3,0,32,,0
0x7FC7A0,0x7FC7BF,0,0,0,0,0,0,1,0,32,,0
0x7FC7C0,0x7FC7DF,0,0,0,0,0,0,10,0,32,,0
0x7FC7E0,0x7FC7FF,0,0,0,0,0,0,4,0,32,,0
0x7FC800,0x7FC81F,0,0,0,0,0,0,3,0,32,,0
0x7FC820,0x7FC83F,0,0,0,0,0,0,3,0,32,,0
0x7FC840,0x7FC85F,0,0,0,0,0,0,5,0,32,,0
0x7FC860,0x7FC87F,0,0,0,0,0,0,6,0,32,,0
0x7FC880,0x7FC89F,0,0,0,0,0,4,1,0,32,,0
0x7FC8A0,0x7FC8BF,0,0,0,0,0,3,0,0,32,,0
0x7FC8C0,0x7FC8DF,0,0,0,0,0,3,0,0,32,,0
0x7FC8E0,0x7FC8FF,0,0,0,0,0,0,0,0,32,,1
0x7FC900,0x7FC91F,0,0,0,0,0,0,0,0,32,,1
0x7FC920,0x7FC93F,0,0,0,0,0,0,0,0,32,,1
0x7FC940,0x7FC95F,0,0,0,0,0,0,0,0,32,,1
0x7FC960,0x7FC97F,28,84,0,0,0,0,0,0,32,,0
0x7FC980,0x7FC99F,0,0,0,0,0,0,1,0,32,,0
0x7FC9A0,0x7FC9BF,0,0,7,0,0,0,0,0,32,,0
0x7FC9C0,0x7FC9DF,44,60,2,0,0,0,0,0,32,,0
0x7FC9E0,0x7FC9FF,134,152,0,0,0,0,0,0,32,,0
0x7FCA00,0x7FCA1F,88,136,0,0,0,0,0,0,32,,0
0x7FCA20,0x7FCA3F,8,46,0,0,0,0,0,0,32,,0
0x7FCA40,0x7FCA5F,13,47,4,0,0,0,0,0,32,,0
0x7FCA60,0x7FCA7F,19,19,10,0,0,0,0,0,32,,0
0x7FCA80,0x7FCA9F,19,6,16,0,0,0,0,0,32,,0
0x7FCAA0,0x7FCABF,7,4,10,0,0,0,0,0,32,,0
0x7FCAC0,0x7FCADF,30,22,7,0,0,0,0,0,32,,0
0x7FCAE0,0x7FCAFF,24,23,8,0,0,0,0,0,32,,0
0x7FCB00,0x7FCB1F,22,33,3,0,0,0,0,0,32,,0
0x7FCB20,0x7FCB3F,9,18,21,0,0,0,0,0,32,,0
0x7FCB40,0x7FCB5F,23,61,9,0,0,0,0,0,32,,0
0x7FCB60,0x7FCB7F,36,44,8,0,0,0,0,0,32,,0
0x7FCB80,0x7FCB9F,22,41,17,0,0,0,0,0,32,,0
0x7FCBA0,0x7FCBBF,18,21,10,0,0,0,0,0,32,,0
0x7FCBC0,0x7FCBDF,29,28,2,0,0,0,2,0,32,,0
0x7FCBE0,0x7FCBFF,37,44,3,0,0,0,0,0,32,,0
0x7FCC00,0x7FCC1F,132,100,0,0,0,0,0,0,32,,0
0x7FCC20,0x7FCC3F,33,42,20,0,0,0,0,0,32,,0
0x7FCC40,0x7FCC5F,6,22,0,2,4,3,0,0,32,,0
0x7FCC60,0x7FCC7F,0,0,0,14,22,36,0,0,32,,0
0x7FCC80,0x7FCC9F,0,0,0,23,23,17,3,0,32,,0
0x7FCCA0,0x7FCCBF,0,2,0,0,5,6,0,0,32,,0
0x7FCCC0,0x7FCCDF,2,2,0,6,12,25,3,0,32,,0
0x7FCCE0,0x7FCCFF,0,0,0,39,19,29,0,0,32,,0
0x7FCD00,0x7FCD1F,0,0,0,0,0,2,0,0,32,,0
0x7FCD20,0x7FCD3F,0,0,0,0,4,0,3,0,32,,0
0x7FCD40,0x7FCD5F,0,0,0,0,0,0,0,0,32,,1
0x7FCD60,0x7FCD7F,8,8,0,8,4,0,0,0,32,,0
0x7FCD80,0x7FCD9F,0,0,0,0,0,4,0,0,32,,0
0x7FCDA0,0x7FCDBF,1040,1032,0,30,0,6,0,0,32,,0
0x7FCDC0,0x7FCDDF,24,0,0,21,4,15,3,0,32,,0
0x7FCDE0,0x7FCDFF,55,23,2,16,12,2,0,0,32,,0
0x7FCE00,0x7FCE1F,189,119,2,0,0,0,3,0,32,,0
0x7FCE20,0x7FCE3F,73,50,9,0,0,0,0,0,32,,0
0x7FCE40,0x7FCE5F,18,14,19,0,0,0,0,0,32,,0
0x7FCE60,0x7FCE7F,19,7,21,0,0,0,0,0,32,,0
0x7FCE80,0x7FCE9F,344,54,7,0,0,0,1,0,32,,0
0x7FCEA0,0x7FCEBF,76,76,0,0,0,0,0,0,32,,0
0x7FCEC0,0x7FCEDF,42,43,1,0,0,0,1,0,32,,0
0x7FCEE0,0x7FCEFF,138,81,8,0,0,0,0,0,32,,0
0x7FCF00,0x7FCF1F,224,226,0,0,0,0,1,0,32,,0
0x7FCF20,0x7FCF3F,36,73,0,0,0,0,0,0,32,,0
0x7FCF40,0x7FCF5F,14,37,3,0,0,0,4,0,32,,0
0x7FCF60,0x7FCF7F,184,120,3,0,0,0,0,0,32,,0
0x7FCF80,0x7FCF9F,145,111,1,0,0,0,0,0,32,,0
0x7FCFA0,0x7FCFBF,128,91,1,0,0,0,0,0,32,,0
0x7FCFC0,0x7FCFDF,149,150,9,0,0,0,1,0,32,,0
0x7FCFE0,0x7FCFFF,246,121,1,0,0,0,1,0,32,,0
0x7FD000,0x7FD01F,247,199,4,0,0,0,0,0,32,,0
0x7FD020,0x7FD03F,148,55,2,0,0,0,0,0,32,,0
0x7FD040,0x7FD05F,151,93,1,0,0,0,0,0,32,,0
0x7FD060,0x7FD07F,324,323,2,0,0,0,12,0,32,,0
0x7FD080,0x7FD09F,20,31,25,0,0,0,0,0,32,,0
0x7FD0A0,0x7FD0BF,65,48,23,0,0,0,0,0,32,,0
0x7FD0C0,0x7FD0DF,150,76,8,0,0,0,0,0,32,,0
0x7FD0E0,0x7FD0FF,39,87,13,0,0,0,0,0,32,,0
0x7FD100,0x7FD11F,38,37,25,0,0,0,0,0,32,,0
0x7FD120,0x7FD13F,69,74,24,0,72,0,0,0,32,,0
0x7FD140,0x7FD15F,109,81,15,27,12,20,1,0,32,,0
0x7FD160,0x7FD17F,126,84,0,0,0,6,2,0,32,,0
0x7FD180,0x7FD19F,99,71,0,0,0,7,14,0,32,,0
0x7FD1A0,0x7FD1BF,127,70,5,0,0,5,16,0,32,,0
0x7FD1C0,0x7FD1DF,287,133,7,0,0,0,0,0,32,,0
0x7FD1E0,0x7FD1FF,232,125,0,0,0,0,0,0,32,,0
0x7FD200,0x7FD21F,308,139,8,68,4,12,0,0,32,,0
0x7FD220,0x7FD23F,276,182,2,0,0,6,0,0,32,,0
0x7FD240,0x7FD25F,140,83,0,8,0,2,2,0,32,,0
0x7FD260,0x7FD27F,77,70,2,0,0,0,0,0,32,,0
0x7FD280,0x7FD29F,109,72,3,0,0,0,0,0,32,,0
0x7FD2A0,0x7FD2BF,357,167,6,0,0,0,2,0,32,,0
0x7FD2C0,0x7FD2DF,238,108,4,0,0,0,0,0,32,immo_eeprom_mirror,0
0x7FD2E0,0x7FD2FF,128,90,0,0,0,0,0,0,32,immo_eeprom_mirror,0
0x7FD300,0x7FD31F,85,41,5,0,0,0,1,0,32,,0
0x7FD320,0x7FD33F,63,52,4,0,0,0,1,0,32,,0
0x7FD340,0x7FD35F,45,35,9,0,0,0,0,0,32,,0
0x7FD360,0x7FD37F,144,77,1,0,0,0,2,0,32,,0
0x7FD380,0x7FD39F,152,118,1,0,0,0,0,0,32,,0
0x7FD3A0,0x7FD3BF,96,61,16,0,0,0,3,0,32,,0
0x7FD3C0,0x7FD3DF,136,133,0,0,0,0,0,0,32,,0
0x7FD3E0,0x7FD3FF,505,195,1,0,0,0,2,0,32,,0
0x7FD400,0x7FD41F,130,43,1,0,0,0,27,0,32,,0
0x7FD420,0x7FD43F,150,106,1,0,0,0,6,0,32,,0
0x7FD440,0x7FD45F,135,71,4,0,0,0,0,0,32,,0
0x7FD460,0x7FD47F,116,63,3,0,0,0,0,0,32,,0
0x7FD480,0x7FD49F,161,58,1,0,0,0,2,0,32,,0
0x7FD4A0,0x7FD4BF,112,188,0,0,0,0,0,0,32,,0
0x7FD4C0,0x7FD4DF,80,52,0,0,0,0,0,0,32,,0
0x7FD4E0,0x7FD4FF,132,32,1,0,0,0,1,0,32,,0
0x7FD500,0x7FD51F,184,32,2,0,0,0,1,0,32,,0
0x7FD520,0x7FD53F,104,32,0,0,0,0,0,0,32,,0
0x7FD540,0x7FD55F,104,36,0,0,0,0,0,0,32,,0
0x7FD560,0x7FD57F,224,44,0,0,0,0,0,0,32,,0
0x7FD580,0x7FD59F,28,8,12,0,0,0,0,0,32,,0
0x7FD5A0,0x7FD5BF,36,8,9,0,0,0,0,0,32,,0
0x7FD5C0,0x7FD5DF,172,36,0,0,0,0,0,0,32,,0
0x7FD5E0,0x7FD5FF,120,32,0,0,0,0,0,0,32,,0
0x7FD600,0x7FD61F,112,32,0,0,0,0,0,0,32,,0
0x7FD620,0x7FD63F,16,48,3,0,0,0,1,0,32,,0
0x7FD640,0x7FD65F,0,4,1,0,0,0,3,0,32,,0
0x7FD660,0x7FD67F,48,44,3,0,0,0,0,0,32,,0
0x7FD680,0x7FD69F,140,56,0,0,0,0,0,0,32,,0
0x7FD6A0,0x7FD6BF,26,40,8,0,0,0,1,0,32,,0
0x7FD6C0,0x7FD6DF,48,36,5,0,0,0,0,0,32,,0
0x7FD6E0,0x7FD6FF,212,32,0,0,0,0,0,0,32,,0
0x7FD700,0x7FD71F,136,144,5,0,0,0,1,0,32,,0
0x7FD720,0x7FD73F,32,32,0,6,0,5,0,0,32,,0
0x7FD740,0x7FD75F,32,32,0,0,0,0,0,0,32,,0
0x7FD760,0x7FD77F,36,32,0,0,2,2,0,0,32,,0
0x7FD780,0x7FD79F,32,32,0,56,76,7,0,0,32,,0
0x7FD7A0,0x7FD7BF,80,32,1,39,35,36,0,0,32,,0
0x7FD7C0,0x7FD7DF,68,32,0,4,4,2,0,0,32,,0
0x7FD7E0,0x7FD7FF,120,32,0,0,4,2,0,0,32,,0
0x7FD800,0x7FD81F,136,32,0,0,4,0,0,0,32,,0
0x7FD820,0x7FD83F,100,32,0,0,1,2,0,0,32,,0
0x7FD840,0x7FD85F,108,32,0,40,4,20,0,0,32,,0
0x7FD860,0x7FD87F,96,32,0,48,48,11,0,0,32,,0
0x7FD880,0x7FD89F,128,41,0,26,13,8,0,0,32,,0
0x7FD8A0,0x7FD8BF,64,48,0,24,8,8,0,0,32,,0
0x7FD8C0,0x7FD8DF,128,32,0,14,37,22,1,0,32,,0
0x7FD8E0,0x7FD8FF,56,24,0,0,0,2,0,0,32,,0
0x7FD900,0x7FD91F,0,0,0,0,0,0,0,0,32,,1
0x7FD920,0x7FD93F,0,0,0,12,38,3,0,0,32,,0
0x7FD940,0x7FD95F,0,0,0,56,48,6,0,0,32,,0
0x7FD960,0x7FD97F,0,0,0,27,19,33,0,0,32,,0
0x7FD980,0x7FD99F,0,0,0,4,4,1,0,0,32,,0
0x7FD9A0,0x7FD9BF,0,0,0,0,4,2,0,0,32,,0
0x7FD9C0,0x7FD9DF,0,0,0,0,0,0,0,0,32,,1
0x7FD9E0,0x7FD9FF,0,0,0,33,32,10,0,0,32,,0
0x7FDA00,0x7FDA1F,0,0,0,116,32,30,0,0,32,,0
0x7FDA20,0x7FDA3F,0,4,0,58,112,35,0,0,32,,0
0x7FDA40,0x7FDA5F,1,0,0,81,37,16,0,0,32,,0
0x7FDA60,0x7FDA7F,0,0,0,136,32,30,0,0,32,,0
0x7FDA80,0x7FDA9F,0,0,1,80,177,70,0,0,32,,0
0x7FDAA0,0x7FDABF,0,0,0,20,55,22,0,0,32,,0
0x7FDAC0,0x7FDADF,0,0,0,48,16,6,0,0,32,,0
0x7FDAE0,0x7FDAFF,0,0,0,67,80,6,0,0,32,,0
0x7FDB00,0x7FDB1F,22,8,3,21,16,14,0,0,32,,0
0x7FDB20,0x7FDB3F,0,0,1,6,11,5,1,0,32,,0
0x7FDB40,0x7FDB5F,0,0,0,161,32,9,0,0,32,,0
0x7FDB60,0x7FDB7F,0,0,0,15,16,13,1,0,32,,0
0x7FDB80,0x7FDB9F,0,0,0,20,30,10,0,0,32,,0
0x7FDBA0,0x7FDBBF,29,7,0,0,0,7,0,0,32,,0
0x7FDBC0,0x7FDBDF,0,0,0,0,0,2,1,0,32,,0
0x7FDBE0,0x7FDBFF,0,0,0,0,0,0,0,0,32,,1
0x7FDC00,0x7FDC1F,0,0,0,0,0,0,0,0,32,,1
0x7FDC20,0x7FDC3F,0,0,0,0,0,0,1,0,32,,0
0x7FDC40,0x7FDC5F,0,0,0,0,0,0,0,0,32,,1
0x7FDC60,0x7FDC7F,39,7,0,0,0,0,0,0,32,,0
0x7FDC80,0x7FDC9F,0,4,1,0,0,24,0,0,32,,0
0x7FDCA0,0x7FDCBF,36,4,24,0,0,0,0,0,32,,0
0x7FDCC0,0x7FDCDF,0,0,7,0,0,0,0,0,32,,0
0x7FDCE0,0x7FDCFF,0,0,1,0,0,0,0,0,32,,0
0x7FDD00,0x7FDD1F,0,0,1,0,0,0,0,0,32,,0
0x7FDD20,0x7FDD3F,0,0,8,0,0,0,0,0,32,,0
0x7FDD40,0x7FDD5F,0,0,0,0,0,0,0,0,32,,1
0x7FDD60,0x7FDD7F,0,0,0,0,0,0,0,0,32,,1
0x7FDD80,0x7FDD9F,0,0,0,0,0,0,0,0,32,,1
0x7FDDA0,0x7FDDBF,0,0,0,0,0,0,0,0,32,,1
0x7FDDC0,0x7FDDDF,0,0,0,0,0,0,0,0,32,,1
0x7FDDE0,0x7FDDFF,0,0,0,0,0,0,0,0,32,,1
0x7FDE00,0x7FDE1F,0,0,0,0,0,0,0,0,32,,1
0x7FDE20,0x7FDE3F,0,0,0,0,0,0,0,0,32,,1
0x7FDE40,0x7FDE5F,0,0,0,0,0,0,0,0,32,,1
0x7FDE60,0x7FDE7F,0,0,0,0,0,0,0,0,32,,1
0x7FDE80,0x7FDE9F,277,50,0,0,0,0,0,0,32,,0
0x7FDEA0,0x7FDEBF,277,74,3,0,0,0,0,0,32,,0
0x7FDEC0,0x7FDEDF,64,45,5,0,0,0,0,0,32,,0
0x7FDEE0,0x7FDEFF,0,0,0,0,0,0,0,0,32,,1
0x7FDF00,0x7FDF1F,0,0,0,0,0,0,0,0,32,,1
0x7FDF20,0x7FDF3F,0,0,0,0,0,0,0,0,32,,1
0x7FDF40,0x7FDF5F,128,12,10,0,0,0,0,0,32,,0
0x7FDF60,0x7FDF7F,0,0,12,0,0,0,0,0,32,,0
0x7FDF80,0x7FDF9F,0,0,0,0,0,0,0,0,32,,1
0x7FDFA0,0x7FDFBF,0,0,0,0,0,0,0,0,32,,1
0x7FDFC0,0x7FDFDF,16,10,0,0,0,0,0,0,32,,0
0x7FDFE0,0x7FDFFF,0,0,1,0,0,0,0,0,32,,0
0x7FE000,0x7FE01F,39,12,1,0,0,0,0,0,32,,0
0x7FE020,0x7FE03F,60,17,10,0,0,0,0,0,32,,0
0x7FE040,0x7FE05F,9,0,0,0,0,0,0,0,32,,0
0x7FE060,0x7FE07F,13,4,0,0,0,0,0,0,32,,0
0x7FE080,0x7FE09F,33,10,2,0,0,0,0,0,32,,0
0x7FE0A0,0x7FE0BF,23,27,0,0,0,0,0,2,32,,0
0x7FE0C0,0x7FE0DF,0,0,0,0,0,2,0,0,0,,0
0x7FE0E0,0x7FE0FF,0,0,0,0,0,0,0,0,0,,1
0x7FE100,0x7FE11F,0,0,0,0,0,0,0,0,0,,1
0x7FE120,0x7FE13F,0,0,0,0,0,0,0,0,0,,1
0x7FE140,0x7FE15F,0,0,0,0,0,0,0,0,0,,1
0x7FE160,0x7FE17F,0,0,0,0,0,0,0,0,0,,1
0x7FE180,0x7FE19F,0,0,0,0,0,0,0,0,0,,1
0x7FE1A0,0x7FE1BF,0,0,0,0,0,0,0,0,0,,1
0x7FE1C0,0x7FE1DF,0,0,0,0,0,0,0,0,0,,1
0x7FE1E0,0x7FE1FF,0,0,0,0,0,0,0,0,0,,1
0x7FE200,0x7FE21F,0,0,0,0,0,0,0,0,0,,1
0x7FE220,0x7FE23F,0,0,0,0,0,0,0,0,0,,1
0x7FE240,0x7FE25F,0,0,0,0,0,0,0,0,0,,1
0x7FE260,0x7FE27F,0,0,0,0,0,0,0,0,0,,1
0x7FE280,0x7FE29F,0,0,0,0,0,0,0,0,0,,1
0x7FE2A0,0x7FE2BF,0,0,0,0,0,0,0,0,0,,1
0x7FE2C0,0x7FE2DF,0,0,0,0,0,0,0,0,0,,1
0x7FE2E0,0x7FE2FF,0,0,0,0,0,0,0,0,0,,1
0x7FE300,0x7FE31F,0,0,0,0,0,0,0,0,0,,1
0x7FE320,0x7FE33F,0,0,0,0,0,0,0,0,0,,1
0x7FE340,0x7FE35F,0,0,0,0,0,0,0,0,0,,1
0x7FE360,0x7FE37F,0,0,0,0,0,0,0,0,0,,1
0x7FE380,0x7FE39F,0,0,0,0,0,0,0,0,0,,1
0x7FE3A0,0x7FE3BF,0,0,0,0,0,0,0,0,0,,1
0x7FE3C0,0x7FE3DF,0,0,0,0,0,0,0,0,0,,1
0x7FE3E0,0x7FE3FF,0,0,0,0,0,0,0,0,0,,1
0x7FE400,0x7FE41F,0,0,0,0,0,0,0,0,0,,1
0x7FE420,0x7FE43F,0,0,0,0,0,0,0,0,0,,1
0x7FE440,0x7FE45F,0,0,0,0,0,0,0,0,0,,1
0x7FE460,0x7FE47F,0,0,0,0,0,0,0,0,0,,1
0x7FE480,0x7FE49F,0,0,0,0,0,0,0,0,0,,1
0x7FE4A0,0x7FE4BF,0,0,0,0,0,0,0,0,0,,1
0x7FE4C0,0x7FE4DF,0,0,0,0,0,0,0,0,0,,1
0x7FE4E0,0x7FE4FF,0,0,0,0,0,0,0,0,0,,1
0x7FE500,0x7FE51F,0,0,0,0,0,0,0,0,0,,1
0x7FE520,0x7FE53F,0,0,0,0,0,0,0,0,0,,1
0x7FE540,0x7FE55F,0,0,0,0,0,0,0,0,0,,1
0x7FE560,0x7FE57F,0,0,0,0,0,0,0,0,0,,1
0x7FE580,0x7FE59F,975,394,0,8,0,1,0,1,24,os_kernel_ram+os_stack_ptr_chain_onchip,0
0x7FE5A0,0x7FE5BF,728,421,0,8,0,0,0,0,32,os_kernel_object_ptr+os_kernel_ram+os_stack_ptr_chain_ext,0
0x7FE5C0,0x7FE5DF,165,151,0,0,0,0,0,0,32,os_kernel_ram,0
0x7FE5E0,0x7FE5FF,79,82,0,0,0,0,8,0,32,os_kernel_ram+os_task_activation_flags,0
0x7FE600,0x7FE61F,0,0,0,0,0,0,32,0,32,os_kernel_ram+os_task_activation_flags,0
0x7FE620,0x7FE63F,0,0,0,0,0,0,32,0,32,os_kernel_ram+os_task_activation_flags,0
0x7FE640,0x7FE65F,0,0,0,0,0,0,6,0,32,os_kernel_ram+os_task_activation_flags,0
0x7FE660,0x7FE67F,0,0,0,0,0,0,0,0,32,os_kernel_ram,0
0x7FE680,0x7FE69F,0,0,0,0,0,0,0,0,32,os_kernel_ram,0
0x7FE6A0,0x7FE6BF,0,0,0,0,0,0,0,0,32,os_kernel_ram,0
0x7FE6C0,0x7FE6DF,0,0,0,0,0,0,0,0,32,os_kernel_ram,0
0x7FE6E0,0x7FE6FF,0,0,0,0,0,0,0,0,32,os_kernel_ram,0
0x7FE700,0x7FE71F,0,0,0,0,0,0,0,0,32,os_kernel_ram,0
0x7FE720,0x7FE73F,0,0,0,0,0,0,0,0,32,os_kernel_ram,0
0x7FE740,0x7FE75F,0,0,0,0,0,0,0,0,32,os_kernel_ram,0
0x7FE760,0x7FE77F,0,0,0,0,0,0,0,0,32,os_kernel_ram,0
0x7FE780,0x7FE79F,0,0,0,0,0,0,0,0,32,os_kernel_ram,0
0x7FE7A0,0x7FE7BF,0,0,0,0,0,0,4,0,32,os_kernel_ram,0
0x7FE7C0,0x7FE7DF,0,0,0,0,0,0,12,0,32,os_kernel_ram,0
0x7FE7E0,0x7FE7FF,0,0,0,0,0,0,0,0,32,os_kernel_ram,0
0x7FE800,0x7FE81F,0,0,0,0,0,0,2,0,32,os_kernel_ram,0
0x7FE820,0x7FE83F,0,0,0,0,0,0,6,0,32,os_kernel_ram,0
0x7FE840,0x7FE85F,14,43,0,0,0,0,0,0,32,,0
0x7FE860,0x7FE87F,61,95,3,0,0,0,0,0,32,,0
0x7FE880,0x7FE89F,55,99,1,0,0,0,0,0,32,,0
0x7FE8A0,0x7FE8BF,78,66,2,0,0,0,0,0,32,,0
0x7FE8C0,0x7FE8DF,61,84,0,0,0,0,0,0,32,,0
0x7FE8E0,0x7FE8FF,87,51,0,0,0,0,0,0,32,,0
0x7FE900,0x7FE91F,286,44,1,0,0,0,0,0,32,,0
0x7FE920,0x7FE93F,82,71,0,0,0,0,0,0,32,,0
0x7FE940,0x7FE95F,31,61,0,0,0,0,0,0,32,,0
0x7FE960,0x7FE97F,22,55,0,0,0,0,0,0,32,,0
0x7FE980,0x7FE99F,47,46,0,0,0,0,0,0,32,,0
0x7FE9A0,0x7FE9BF,96,169,3,0,0,0,0,0,32,,0
0x7FE9C0,0x7FE9DF,105,61,2,0,0,1,0,0,32,,0
0x7FE9E0,0x7FE9FF,79,119,0,0,0,1,0,0,32,,0
0x7FEA00,0x7FEA1F,67,51,2,0,0,0,0,0,32,,0
0x7FEA20,0x7FEA3F,68,48,0,0,0,0,0,0,32,,0
0x7FEA40,0x7FEA5F,72,61,1,0,0,0,0,0,32,,0
0x7FEA60,0x7FEA7F,57,45,0,0,0,0,0,0,32,,0
0x7FEA80,0x7FEA9F,113,60,0,0,0,0,0,0,32,,0
0x7FEAA0,0x7FEABF,39,50,0,0,0,0,0,0,32,,0
0x7FEAC0,0x7FEADF,227,87,0,0,0,0,0,0,32,,0
0x7FEAE0,0x7FEAFF,57,73,2,0,0,0,0,0,32,,0
0x7FEB00,0x7FEB1F,54,46,1,0,0,0,0,0,32,,0
0x7FEB20,0x7FEB3F,52,40,6,0,0,0,0,0,32,,0
0x7FEB40,0x7FEB5F,142,59,1,0,0,0,0,0,32,,0
0x7FEB60,0x7FEB7F,111,44,3,0,0,0,0,0,32,,0
0x7FEB80,0x7FEB9F,18,32,1,0,0,0,0,0,32,,0
0x7FEBA0,0x7FEBBF,56,32,0,0,0,0,0,0,32,,0
0x7FEBC0,0x7FEBDF,40,32,0,0,0,0,0,0,32,,0
0x7FEBE0,0x7FEBFF,46,42,1,0,0,0,0,0,32,,0
0x7FEC00,0x7FEC1F,20,33,0,0,0,0,0,0,32,,0
0x7FEC20,0x7FEC3F,38,30,2,0,0,0,0,0,32,,0
0x7FEC40,0x7FEC5F,37,36,2,0,0,0,0,0,32,,0
0x7FEC60,0x7FEC7F,56,50,0,0,0,0,0,0,32,,0
0x7FEC80,0x7FEC9F,46,34,0,0,0,0,0,0,32,,0
0x7FECA0,0x7FECBF,121,53,0,0,0,0,0,0,32,,0
0x7FECC0,0x7FECDF,164,51,2,0,0,0,0,0,32,,0
0x7FECE0,0x7FECFF,138,42,0,0,0,0,0,0,32,,0
0x7FED00,0x7FED1F,74,70,0,0,0,0,0,0,32,,0
0x7FED20,0x7FED3F,32,42,0,0,0,0,0,0,32,,0
0x7FED40,0x7FED5F,24,74,0,0,0,0,0,0,32,,0
0x7FED60,0x7FED7F,358,88,8,0,0,0,0,0,32,,0
0x7FED80,0x7FED9F,76,100,0,0,0,0,0,0,32,,0
0x7FEDA0,0x7FEDBF,10,14,9,0,0,0,0,0,32,,0
0x7FEDC0,0x7FEDDF,4,12,8,0,0,0,0,0,32,,0
0x7FEDE0,0x7FEDFF,14,18,5,0,0,0,0,0,32,,0
0x7FEE00,0x7FEE1F,6,12,10,0,0,0,0,0,32,,0
0x7FEE20,0x7FEE3F,10,12,18,0,0,0,0,0,32,,0
0x7FEE40,0x7FEE5F,74,40,0,0,0,0,0,0,32,,0
0x7FEE60,0x7FEE7F,544,32,3,0,0,0,0,0,32,,0
0x7FEE80,0x7FEE9F,8,8,4,0,0,0,0,0,32,,0
0x7FEEA0,0x7FEEBF,70,44,4,0,0,0,0,0,32,,0
0x7FEEC0,0x7FEEDF,22,36,5,0,0,0,0,0,32,,0
0x7FEEE0,0x7FEEFF,0,6,4,0,0,0,0,0,32,,0
0x7FEF00,0x7FEF1F,114,66,12,6,0,1,0,0,32,,0
0x7FEF20,0x7FEF3F,58,58,0,0,0,0,0,0,32,,0
0x7FEF40,0x7FEF5F,24,46,0,0,0,0,0,0,32,,0
0x7FEF60,0x7FEF7F,213,140,1,0,0,0,2,0,32,,0
0x7FEF80,0x7FEF9F,177,50,12,0,0,0,1,0,32,,0
0x7FEFA0,0x7FEFBF,212,72,6,0,0,0,0,0,32,,0
0x7FEFC0,0x7FEFDF,72,58,0,0,0,0,0,1,32,,0
0x7FEFE0,0x7FEFFF,0,0,0,0,0,2,0,0,0,,0
0x7FF000,0x7FF01F,0,0,0,0,0,0,1,0,0,stack_overshoot_estimate,0
0x7FF020,0x7FF03F,0,0,0,0,0,0,0,0,0,stack_overshoot_estimate,0
0x7FF040,0x7FF05F,0,0,0,0,0,0,0,0,0,stack_overshoot_estimate,0
0x7FF060,0x7FF07F,0,0,0,0,0,0,0,0,0,stack_overshoot_estimate,0
0x7FF080,0x7FF09F,0,0,0,0,0,0,0,0,0,stack_overshoot_estimate,0
0x7FF0A0,0x7FF0BF,0,0,0,0,0,0,0,0,0,stack_overshoot_estimate,0
0x7FF0C0,0x7FF0DF,0,0,0,0,0,0,0,0,0,stack_overshoot_estimate,0
0x7FF0E0,0x7FF0FF,0,0,0,0,0,0,0,0,0,stack_overshoot_estimate,0
0x7FF100,0x7FF11F,0,0,0,0,0,0,0,0,0,stack_overshoot_estimate,0
0x7FF120,0x7FF13F,0,0,0,0,0,0,0,0,0,stack_overshoot_estimate,0
0x7FF140,0x7FF15F,0,0,0,0,0,0,0,0,0,stack_overshoot_estimate,0
0x7FF160,0x7FF17F,0,0,0,0,0,0,0,0,0,stack_overshoot_estimate,0
0x7FF180,0x7FF19F,0,0,0,0,0,0,0,0,0,stack_overshoot_estimate,0
0x7FF1A0,0x7FF1BF,0,0,0,0,0,0,0,0,0,stack_overshoot_estimate,0
0x7FF1C0,0x7FF1DF,0,0,0,0,0,0,0,0,0,stack_overshoot_estimate,0
0x7FF1E0,0x7FF1FF,0,0,0,0,0,0,0,0,0,stack_overshoot_estimate,0
0x7FF200,0x7FF21F,0,0,0,0,0,0,0,0,0,stack_overshoot_estimate,0
0x7FF220,0x7FF23F,0,0,0,0,0,0,0,0,0,stack_overshoot_estimate,0
0x7FF240,0x7FF25F,0,0,0,0,0,0,0,0,0,stack_overshoot_estimate,0
0x7FF260,0x7FF27F,0,0,0,0,0,0,0,0,0,stack_overshoot_estimate,0
0x7FF280,0x7FF29F,0,0,0,0,0,0,0,0,0,stack_overshoot_estimate,0
0x7FF2A0,0x7FF2BF,0,0,0,0,0,0,0,0,0,stack_overshoot_estimate,0
0x7FF2C0,0x7FF2DF,0,0,0,0,0,0,0,0,0,stack_overshoot_estimate,0
0x7FF2E0,0x7FF2FF,0,0,0,0,0,0,0,0,0,stack_overshoot_estimate,0
0x7FF300,0x7FF31F,0,0,0,0,0,0,0,0,0,stack_overshoot_estimate,0
0x7FF320,0x7FF33F,0,0,0,0,0,0,0,0,0,stack_overshoot_estimate,0
0x7FF340,0x7FF35F,0,0,0,0,0,0,0,0,0,stack_overshoot_estimate,0
0x7FF360,0x7FF37F,0,0,0,0,0,0,0,0,0,stack_overshoot_estimate,0
0x7FF380,0x7FF39F,0,0,0,0,0,0,0,0,0,stack_overshoot_estimate,0
0x7FF3A0,0x7FF3BF,0,0,0,0,0,0,0,0,0,stack_overshoot_estimate,0
0x7FF3C0,0x7FF3DF,0,0,0,0,0,1,2,0,32,os_task_stack,0
0x7FF3E0,0x7FF3FF,0,0,0,0,0,0,0,0,32,os_task_stack,0
0x7FF400,0x7FF41F,0,0,0,0,0,0,0,0,32,os_task_stack,0
0x7FF420,0x7FF43F,0,0,0,0,0,0,0,0,32,os_task_stack,0
0x7FF440,0x7FF45F,0,0,0,0,0,0,0,0,32,os_task_stack,0
0x7FF460,0x7FF47F,0,0,0,0,0,0,0,0,32,os_task_stack,0
0x7FF480,0x7FF49F,0,0,0,0,0,0,0,0,32,os_task_stack,0
0x7FF4A0,0x7FF4BF,0,0,0,0,0,0,0,0,32,os_task_stack,0
0x7FF4C0,0x7FF4DF,0,0,0,0,0,0,0,0,32,os_task_stack,0
0x7FF4E0,0x7FF4FF,0,0,0,0,0,0,0,0,32,os_task_stack,0
0x7FF500,0x7FF51F,0,0,0,0,0,0,0,0,32,os_task_stack,0
0x7FF520,0x7FF53F,0,0,0,0,0,0,0,0,32,os_task_stack,0
0x7FF540,0x7FF55F,0,0,0,0,0,0,0,0,32,os_task_stack,0
0x7FF560,0x7FF57F,0,0,0,0,0,0,0,0,32,os_task_stack,0
0x7FF580,0x7FF59F,0,0,0,0,0,0,0,0,32,os_task_stack,0
0x7FF5A0,0x7FF5BF,0,0,0,0,0,0,0,0,32,os_task_stack,0
0x7FF5C0,0x7FF5DF,0,0,0,0,0,0,0,0,32,os_task_stack,0
0x7FF5E0,0x7FF5FF,0,0,0,0,0,0,0,0,32,os_task_stack,0
0x7FF600,0x7FF61F,0,0,0,0,0,0,0,0,32,os_task_stack,0
0x7FF620,0x7FF63F,0,0,0,0,0,0,0,0,32,os_task_stack,0
0x7FF640,0x7FF65F,0,0,0,0,0,0,0,0,32,os_task_stack,0
0x7FF660,0x7FF67F,0,0,0,0,0,0,0,0,32,os_task_stack,0
0x7FF680,0x7FF69F,0,0,0,0,0,0,0,0,32,os_task_stack,0
0x7FF6A0,0x7FF6BF,0,0,0,0,0,0,0,0,32,os_task_stack,0
0x7FF6C0,0x7FF6DF,0,0,0,0,0,0,0,0,32,os_task_stack,0
0x7FF6E0,0x7FF6FF,0,0,0,0,0,0,0,0,32,os_task_stack,0
0x7FF700,0x7FF71F,0,0,0,0,0,0,0,0,32,os_task_stack,0
0x7FF720,0x7FF73F,0,0,0,0,0,0,2,0,32,os_task_stack,0
0x7FF740,0x7FF75F,0,0,0,0,0,0,0,0,32,os_task_stack,0
0x7FF760,0x7FF77F,0,0,0,0,0,4,2,2,12,free_above_stack+os_task_stack,0
0x7FF780,0x7FF79F,0,0,0,0,0,0,0,0,0,free_above_stack,0
0x7FF7A0,0x7FF7BF,0,0,0,0,0,0,0,0,0,free_above_stack,0
0x7FF7C0,0x7FF7DF,0,0,0,0,0,0,0,0,0,free_above_stack,0
0x7FF7E0,0x7FF7FF,0,0,0,0,0,0,0,0,0,free_above_stack,0
0x7FF800,0x7FF81F,0,0,0,0,0,0,0,0,0,free_above_stack,0
0x7FF820,0x7FF83F,0,0,0,0,0,0,0,0,0,free_above_stack,0
0x7FF840,0x7FF85F,0,0,0,0,0,0,0,0,0,free_above_stack,0
0x7FF860,0x7FF87F,0,0,0,0,0,0,0,0,0,free_above_stack,0
0x7FF880,0x7FF89F,0,0,0,0,0,0,0,0,0,free_above_stack,0
0x7FF8A0,0x7FF8BF,0,0,0,0,0,0,0,0,0,free_above_stack,0
0x7FF8C0,0x7FF8DF,0,0,0,0,0,0,0,0,0,free_above_stack,0
0x7FF8E0,0x7FF8FF,0,0,0,0,0,0,0,0,0,free_above_stack,0
0x7FF900,0x7FF91F,0,0,0,0,0,0,0,0,0,free_above_stack,0
0x7FF920,0x7FF93F,0,0,0,0,0,0,0,0,0,free_above_stack,0
0x7FF940,0x7FF95F,0,0,0,0,0,0,0,0,0,free_above_stack,0
0x7FF960,0x7FF97F,0,0,0,0,0,0,0,0,0,free_above_stack,0
0x7FF980,0x7FF99F,0,0,0,0,0,0,0,0,0,free_above_stack,0
0x7FF9A0,0x7FF9BF,0,0,0,0,0,0,0,0,0,free_above_stack,0
0x7FF9C0,0x7FF9DF,0,0,0,0,0,0,0,0,0,free_above_stack,0
0x7FF9E0,0x7FF9FF,0,0,0,0,0,0,0,0,0,free_above_stack,0
0x7FFA00,0x7FFA1F,0,0,0,0,0,0,0,0,0,free_above_stack,0
0x7FFA20,0x7FFA3F,0,0,0,0,0,0,0,0,0,free_above_stack,0
0x7FFA40,0x7FFA5F,0,0,0,0,0,0,0,0,0,free_above_stack,0
0x7FFA60,0x7FFA7F,0,0,0,0,0,0,0,0,0,free_above_stack,0
0x7FFA80,0x7FFA9F,0,0,0,0,0,0,0,0,0,free_above_stack,0
0x7FFAA0,0x7FFABF,0,0,0,0,0,0,0,0,0,free_above_stack,0
0x7FFAC0,0x7FFADF,0,0,0,0,0,0,0,0,0,free_above_stack,0
0x7FFAE0,0x7FFAFF,0,0,0,0,0,0,0,0,0,free_above_stack,0
0x7FFB00,0x7FFB1F,0,0,0,0,0,0,0,0,0,free_above_stack,0
0x7FFB20,0x7FFB3F,0,0,0,0,0,0,0,0,0,free_above_stack,0
0x7FFB40,0x7FFB5F,0,0,0,0,0,0,0,0,0,free_above_stack,0
0x7FFB60,0x7FFB7F,0,0,0,0,0,0,0,0,0,free_above_stack,0
0x7FFB80,0x7FFB9F,0,0,0,0,0,0,0,0,0,free_above_stack,0
0x7FFBA0,0x7FFBBF,0,0,0,0,0,0,0,0,0,free_above_stack,0
0x7FFBC0,0x7FFBDF,0,0,0,0,0,0,0,0,0,free_above_stack,0
0x7FFBE0,0x7FFBFF,0,0,0,0,0,0,0,0,0,free_above_stack,0
0x7FFC00,0x7FFC1F,0,0,0,0,0,0,0,0,0,free_above_stack,0
0x7FFC20,0x7FFC3F,0,0,0,0,0,0,0,0,0,free_above_stack,0
0x7FFC40,0x7FFC5F,0,0,0,0,0,0,0,0,0,free_above_stack,0
0x7FFC60,0x7FFC7F,0,0,0,0,0,0,0,0,0,free_above_stack,0
0x7FFC80,0x7FFC9F,0,0,0,0,0,0,0,0,0,free_above_stack,0
0x7FFCA0,0x7FFCBF,0,0,0,0,0,0,0,0,0,free_above_stack,0
0x7FFCC0,0x7FFCDF,0,0,0,0,0,0,0,0,0,free_above_stack,0
0x7FFCE0,0x7FFCFF,0,0,0,0,0,0,0,0,0,free_above_stack,0
0x7FFD00,0x7FFD1F,0,0,0,0,0,0,0,0,0,free_above_stack,0
0x7FFD20,0x7FFD3F,0,0,0,0,0,0,0,0,0,free_above_stack,0
0x7FFD40,0x7FFD5F,0,0,0,0,0,0,0,0,0,free_above_stack,0
0x7FFD60,0x7FFD7F,0,0,0,0,0,0,0,0,0,free_above_stack,0
0x7FFD80,0x7FFD9F,0,0,0,0,0,0,0,0,0,free_above_stack,0
0x7FFDA0,0x7FFDBF,0,0,0,0,0,0,0,0,0,free_above_stack,0
0x7FFDC0,0x7FFDDF,0,0,0,0,0,0,0,0,0,free_above_stack,0
0x7FFDE0,0x7FFDFF,0,0,0,0,0,0,0,0,0,free_above_stack,0
0x7FFE00,0x7FFE1F,0,0,0,0,0,0,0,0,0,free_above_stack,0
0x7FFE20,0x7FFE3F,0,0,0,0,0,0,0,0,0,free_above_stack,0
0x7FFE40,0x7FFE5F,0,0,0,0,0,0,0,0,0,free_above_stack,0
0x7FFE60,0x7FFE7F,0,0,0,0,0,0,0,0,0,free_above_stack,0
0x7FFE80,0x7FFE9F,0,0,0,0,0,0,0,0,0,free_above_stack,0
0x7FFEA0,0x7FFEBF,0,0,0,0,0,0,0,0,0,free_above_stack,0
0x7FFEC0,0x7FFEDF,0,0,0,0,0,0,0,0,0,free_above_stack,0
0x7FFEE0,0x7FFEFF,8,0,0,0,0,0,0,0,0,free_above_stack,0
0x7FFF00,0x7FFF1F,0,0,0,0,0,0,0,0,0,free_above_stack,0
0x7FFF20,0x7FFF3F,0,0,0,0,0,0,0,0,0,free_above_stack,0
0x7FFF40,0x7FFF5F,0,0,0,0,0,0,0,0,0,free_above_stack,0
0x7FFF60,0x7FFF7F,0,0,0,0,0,0,0,0,0,free_above_stack,0
0x7FFF80,0x7FFF9F,0,0,0,0,0,0,0,0,0,free_above_stack,0
0x7FFFA0,0x7FFFBF,0,0,0,0,0,0,0,0,0,free_above_stack,0
0x7FFFC0,0x7FFFDF,18,0,0,0,0,0,0,0,0,free_above_stack,0
0x7FFFE0,0x7FFFFF,98,20,4,0,0,8,2,2,0,free_above_stack+r13_sda_anchor,0
0x800000,0x80001F,236,66,0,0,0,18,4,6,28,kwp_prog_copy_alias_tail,0
0x800020,0x80003F,128,76,3,0,0,2,0,0,32,kwp_prog_copy_alias_tail,0
0x800040,0x80005F,46,0,0,0,0,0,0,1,32,kwp_prog_copy_alias_tail,0
0x800060,0x80007F,29,34,0,0,0,0,0,1,32,kwp_prog_copy_alias_tail,0
0x800080,0x80009F,36,72,1,0,0,2,1,14,32,kwp_prog_copy_alias_tail,0
0x8000A0,0x8000BF,140,96,0,0,0,0,0,0,32,kwp_prog_copy_alias_tail,0
0x8000C0,0x8000DF,52,69,3,0,0,0,0,2,32,kwp_prog_copy_alias_tail,0
0x8000E0,0x8000FF,36,74,2,0,0,0,0,0,32,kwp_prog_copy_alias_tail,0
0x800100,0x80011F,26,54,2,0,0,0,0,4,32,kwp_prog_copy_alias_tail,0
0x800120,0x80013F,55,91,0,0,0,0,1,0,32,kwp_prog_copy_alias_tail,0
0x800140,0x80015F,11,10,1,0,0,2,0,0,32,kwp_prog_copy_alias_tail,0
0x800160,0x80017F,0,0,0,0,0,0,0,0,32,kwp_prog_copy_alias_tail,0
0x800180,0x80019F,0,0,0,0,0,0,0,0,32,kwp_prog_copy_alias_tail,0
0x8001A0,0x8001BF,0,0,0,0,0,0,0,0,32,kwp_prog_copy_alias_tail,0
0x8001C0,0x8001DF,38,14,3,0,0,0,15,1,32,kwp_prog_copy_alias_tail,0
0x8001E0,0x8001FF,8,23,3,0,0,0,0,0,32,kwp_prog_copy_alias_tail,0
0x800200,0x80021F,2,30,2,0,0,0,0,0,32,kwp_prog_copy_alias_tail,0
0x800220,0x80023F,0,24,2,0,0,0,0,0,32,kwp_prog_copy_alias_tail,0
0x800240,0x80025F,13,34,1,0,0,0,0,1,32,kwp_prog_copy_alias_tail,0
0x800260,0x80027F,21,51,6,0,0,0,0,0,32,kwp_prog_copy_alias_tail,0
0x800280,0x80029F,12,12,0,0,0,2,0,0,32,kwp_prog_copy_alias_tail,0
0x8002A0,0x8002BF,0,0,0,0,0,0,0,0,32,kwp_prog_copy_alias_tail,0
0x8002C0,0x8002DF,0,0,0,0,0,0,0,0,32,kwp_prog_copy_alias_tail,0
0x8002E0,0x8002FF,0,0,0,0,0,0,0,0,32,kwp_prog_copy_alias_tail,0
0x800300,0x80031F,0,0,0,0,0,0,0,0,32,kwp_prog_copy_alias_tail,0
0x800320,0x80033F,0,0,0,0,0,0,0,0,32,kwp_prog_copy_alias_tail,0
0x800340,0x80035F,0,0,0,0,0,0,0,0,32,kwp_prog_copy_alias_tail,0
0x800360,0x80037F,0,0,0,0,0,0,0,0,32,kwp_prog_copy_alias_tail,0
0x800380,0x80039F,0,0,0,0,0,0,0,0,32,kwp_prog_copy_alias_tail,0
0x8003A0,0x8003BF,0,0,0,0,0,0,0,0,32,kwp_prog_copy_alias_tail,0
0x8003C0,0x8003DF,0,0,0,0,0,0,0,0,32,kwp_prog_copy_alias_tail,0
0x8003E0,0x8003FF,0,0,0,0,0,0,0,0,32,kwp_prog_copy_alias_tail,0
0x800400,0x80041F,0,0,0,0,0,0,0,0,32,kwp_prog_copy_alias_tail,0
0x800420,0x80043F,0,0,0,0,0,0,0,0,32,kwp_prog_copy_alias_tail,0
0x800440,0x80045F,0,0,0,0,0,0,0,0,32,kwp_prog_copy_alias_tail,0
0x800460,0x80047F,0,0,0,0,0,0,0,0,32,kwp_prog_copy_alias_tail,0
0x800480,0x80049F,0,0,0,0,0,0,0,0,32,kwp_prog_copy_alias_tail,0
0x8004A0,0x8004BF,0,0,0,0,0,0,0,0,32,kwp_prog_copy_alias_tail,0
0x8004C0,0x8004DF,0,0,0,0,0,0,0,0,32,kwp_prog_copy_alias_tail,0
0x8004E0,0x8004FF,0,0,0,0,0,0,0,0,32,kwp_prog_copy_alias_tail,0
0x800500,0x80051F,0,0,0,0,0,0,0,0,32,kwp_prog_copy_alias_tail,0
0x800520,0x80053F,0,0,0,0,0,0,0,0,32,kwp_prog_copy_alias_tail,0
0x800540,0x80055F,0,0,0,0,0,0,0,0,32,kwp_prog_copy_alias_tail,0
0x800560,0x80057F,0,0,0,0,0,0,0,0,32,kwp_prog_copy_alias_tail,0
0x800580,0x80059F,0,0,0,0,0,0,0,0,32,kwp_prog_copy_alias_tail,0
0x8005A0,0x8005BF,0,0,0,0,0,0,0,0,32,kwp_prog_copy_alias_tail,0
0x8005C0,0x8005DF,0,0,0,0,0,0,0,0,32,kwp_prog_copy_alias_tail,0
0x8005E0,0x8005FF,0,0,0,0,0,0,0,0,32,kwp_prog_copy_alias_tail,0
0x800600,0x80061F,0,0,0,0,0,0,0,0,32,kwp_prog_copy_alias_tail,0
0x800620,0x80063F,0,0,0,0,0,0,0,0,32,kwp_prog_copy_alias_tail,0
0x800640,0x80065F,0,0,0,0,0,0,0,0,32,kwp_prog_copy_alias_tail,0
0x800660,0x80067F,0,0,0,0,0,0,0,0,32,kwp_prog_copy_alias_tail,0
0x800680,0x80069F,44,76,0,0,0,0,0,0,32,kwp_prog_copy_alias_tail,0
0x8006A0,0x8006BF,50,88,0,0,0,0,0,0,32,,0
0x8006C0,0x8006DF,12,36,0,0,0,5,0,0,32,,0
0x8006E0,0x8006FF,0,0,0,0,0,0,0,0,32,,1
0x800700,0x80071F,0,0,0,0,0,0,0,0,32,,1
0x800720,0x80073F,0,0,0,0,0,0,0,0,32,,1
0x800740,0x80075F,0,0,0,0,0,3,0,0,32,,0
0x800760,0x80077F,0,0,0,0,0,0,0,0,32,,1
0x800780,0x80079F,0,0,0,0,0,0,0,1,32,,0
0x8007A0,0x8007BF,0,0,0,0,0,0,0,0,32,,1
0x8007C0,0x8007DF,0,0,0,0,0,5,0,0,32,,0
0x8007E0,0x8007FF,0,0,0,0,0,0,0,0,32,,1
0x800800,0x80081F,0,0,0,0,0,0,0,0,32,,1
0x800820,0x80083F,0,0,0,0,0,0,0,0,32,,1
0x800840,0x80085F,0,0,0,0,0,7,0,0,32,,0
0x800860,0x80087F,0,0,0,0,0,0,0,0,32,,1
0x800880,0x80089F,0,0,0,0,0,0,0,0,32,,1
0x8008A0,0x8008BF,0,0,0,0,0,0,0,0,32,,1
0x8008C0,0x8008DF,0,0,0,0,0,4,0,0,32,,0
0x8008E0,0x8008FF,0,0,0,0,0,0,0,0,32,,1
0x800900,0x80091F,0,0,0,0,0,0,0,0,32,,1
0x800920,0x80093F,0,0,0,0,0,0,0,0,32,,1
0x800940,0x80095F,0,0,0,0,0,0,0,0,32,,1
0x800960,0x80097F,0,0,0,0,0,0,0,1,32,,0
0x800980,0x80099F,0,0,0,0,0,0,0,0,32,,1
0x8009A0,0x8009BF,0,0,0,0,0,0,0,0,32,,1
0x8009C0,0x8009DF,0,0,0,0,0,0,0,0,32,,1
0x8009E0,0x8009FF,0,0,0,0,0,3,0,0,32,,0
0x800A00,0x800A1F,0,0,0,0,0,0,0,0,32,,1
0x800A20,0x800A3F,0,0,0,0,0,0,0,0,32,,1
0x800A40,0x800A5F,0,0,0,0,0,0,0,0,32,,1
0x800A60,0x800A7F,0,0,0,0,0,0,0,0,32,,1
0x800A80,0x800A9F,0,0,0,0,0,0,0,0,32,,1
0x800AA0,0x800ABF,0,0,0,0,0,0,0,0,32,,1
0x800AC0,0x800ADF,0,0,0,0,0,0,0,0,32,,1
0x800AE0,0x800AFF,0,0,0,0,0,3,0,0,32,,0
0x800B00,0x800B1F,0,0,0,0,0,0,0,0,32,,1
0x800B20,0x800B3F,0,0,0,0,0,0,0,0,32,,1
0x800B40,0x800B5F,0,0,0,0,0,0,0,0,32,,1
0x800B60,0x800B7F,0,0,0,0,0,4,0,0,32,,0
0x800B80,0x800B9F,0,0,0,0,0,0,0,0,32,,1
0x800BA0,0x800BBF,0,0,0,0,0,0,0,0,32,,1
0x800BC0,0x800BDF,0,0,0,0,0,0,0,0,32,,1
0x800BE0,0x800BFF,0,0,0,0,0,0,0,0,32,,1
0x800C00,0x800C1F,0,0,0,0,0,0,0,0,32,,1
0x800C20,0x800C3F,0,0,0,0,0,0,0,0,32,,1
0x800C40,0x800C5F,0,0,0,0,0,0,0,0,32,,1
0x800C60,0x800C7F,0,0,0,0,0,0,0,0,32,,1
0x800C80,0x800C9F,0,0,0,0,0,0,0,1,32,,0
0x800CA0,0x800CBF,0,0,0,0,0,0,0,0,32,,1
0x800CC0,0x800CDF,0,0,0,0,0,0,0,0,32,,1
0x800CE0,0x800CFF,4,6,0,0,0,2,0,0,32,,0
0x800D00,0x800D1F,52,66,1,0,0,4,0,0,32,,0
0x800D20,0x800D3F,62,60,7,0,0,0,0,0,32,,0
0x800D40,0x800D5F,92,56,3,0,0,0,0,0,32,,0
0x800D60,0x800D7F,102,49,4,0,0,0,0,0,32,,0
0x800D80,0x800D9F,70,47,1,0,0,0,0,0,32,,0
0x800DA0,0x800DBF,54,74,6,0,0,0,0,0,32,,0
0x800DC0,0x800DDF,40,40,8,0,0,0,0,0,32,,0
0x800DE0,0x800DFF,32,38,4,0,0,0,0,0,32,,0
0x800E00,0x800E1F,41,47,6,0,0,0,0,0,32,,0
0x800E20,0x800E3F,59,52,1,0,0,0,0,0,32,,0
0x800E40,0x800E5F,81,47,2,0,0,0,0,0,32,,0
0x800E60,0x800E7F,72,54,0,0,0,0,0,0,32,,0
0x800E80,0x800E9F,50,42,0,0,0,0,0,0,32,,0
0x800EA0,0x800EBF,48,42,0,0,0,0,0,0,32,,0
0x800EC0,0x800EDF,120,42,2,0,0,0,0,0,32,,0
0x800EE0,0x800EFF,134,72,2,0,0,0,2,2,32,,0
0x800F00,0x800F1F,58,43,0,0,0,0,0,0,32,,0
0x800F20,0x800F3F,36,44,0,0,0,0,0,0,32,,0
0x800F40,0x800F5F,105,73,0,0,0,0,0,2,32,,0
0x800F60,0x800F7F,35,51,0,0,0,0,0,0,32,,0
0x800F80,0x800F9F,44,40,0,0,0,0,0,0,32,,0
0x800FA0,0x800FBF,92,68,10,0,0,0,0,0,32,,0
0x800FC0,0x800FDF,78,48,0,0,0,0,0,0,32,,0
0x800FE0,0x800FFF,29,31,0,0,0,0,0,0,32,,0
0x801000,0x80101F,63,59,0,0,0,0,0,0,32,,0
0x801020,0x80103F,126,74,0,0,0,0,0,0,32,,0
0x801040,0x80105F,66,66,0,0,0,0,0,0,32,,0
0x801060,0x80107F,110,40,2,0,0,0,0,0,32,,0
0x801080,0x80109F,56,54,4,0,0,0,0,0,32,,0
0x8010A0,0x8010BF,42,43,0,0,0,0,0,4,32,,0
0x8010C0,0x8010DF,96,49,2,0,0,0,0,0,32,,0
0x8010E0,0x8010FF,8,68,0,0,0,0,0,0,32,,0
0x801100,0x80111F,89,89,0,0,0,0,0,0,32,,0
0x801120,0x80113F,77,89,2,0,0,0,0,0,32,,0
0x801140,0x80115F,87,67,0,0,0,0,0,0,32,,0
0x801160,0x80117F,89,55,4,0,0,0,0,0,32,,0
0x801180,0x80119F,68,42,0,0,0,0,0,0,32,,0
0x8011A0,0x8011BF,107,52,0,0,0,0,0,0,32,,0
0x8011C0,0x8011DF,75,39,7,0,0,2,0,0,32,,0
0x8011E0,0x8011FF,32,31,0,0,0,25,0,1,32,,0
0x801200,0x80121F,23,28,7,0,0,0,0,6,32,,0
0x801220,0x80123F,26,6,9,0,0,0,0,0,32,,0
0x801240,0x80125F,15,45,4,0,0,0,0,0,32,,0
0x801260,0x80127F,20,51,4,0,0,0,0,0,32,,0
0x801280,0x80129F,31,50,3,0,0,0,0,0,32,,0
0x8012A0,0x8012BF,45,55,0,0,0,0,0,0,32,,0
0x8012C0,0x8012DF,30,52,2,0,0,0,0,0,32,,0
0x8012E0,0x8012FF,28,44,2,0,0,0,0,0,32,,0
0x801300,0x80131F,50,29,2,0,0,0,0,0,32,,0
0x801320,0x80133F,94,168,4,0,0,0,0,0,32,,0
0x801340,0x80135F,71,23,63,0,0,0,0,4,32,,0
0x801360,0x80137F,5,14,21,0,0,0,1,2,32,,0
0x801380,0x80139F,0,0,0,0,0,0,0,0,32,,1
0x8013A0,0x8013BF,0,0,0,0,0,0,0,0,32,,1
0x8013C0,0x8013DF,38,90,4,0,0,0,0,0,32,,0
0x8013E0,0x8013FF,58,173,0,0,0,0,0,0,32,,0
0x801400,0x80141F,75,63,2,0,0,0,0,0,32,,0
0x801420,0x80143F,219,107,0,0,0,0,0,0,32,,0
0x801440,0x80145F,167,97,2,0,0,0,0,0,32,,0
0x801460,0x80147F,114,58,1,0,0,0,0,0,32,,0
0x801480,0x80149F,64,36,8,0,0,0,0,0,32,,0
0x8014A0,0x8014BF,41,45,2,0,0,0,0,0,32,,0
0x8014C0,0x8014DF,78,31,6,0,0,0,0,0,32,,0
0x8014E0,0x8014FF,71,39,0,0,0,0,0,0,32,,0
0x801500,0x80151F,99,39,8,0,0,0,0,1,32,,0
0x801520,0x80153F,44,32,0,0,0,0,0,0,32,,0
0x801540,0x80155F,23,47,0,0,0,0,0,2,32,,0
0x801560,0x80157F,100,40,3,0,0,0,0,0,32,,0
0x801580,0x80159F,43,51,2,0,0,0,0,0,32,,0
0x8015A0,0x8015BF,51,38,1,0,0,0,0,0,32,,0
0x8015C0,0x8015DF,46,48,0,0,0,0,0,0,32,,0
0x8015E0,0x8015FF,29,51,0,0,0,0,0,0,32,,0
0x801600,0x80161F,63,49,4,0,0,0,0,0,32,,0
0x801620,0x80163F,46,58,0,0,0,0,0,0,32,,0
0x801640,0x80165F,48,68,0,0,0,0,0,0,32,,0
0x801660,0x80167F,48,76,0,0,0,0,0,0,32,,0
0x801680,0x80169F,48,80,0,0,0,0,0,0,32,,0
0x8016A0,0x8016BF,0,32,0,0,0,0,0,0,32,,0
0x8016C0,0x8016DF,64,36,0,0,0,0,0,0,32,,0
0x8016E0,0x8016FF,24,32,0,0,0,0,0,0,32,,0
0x801700,0x80171F,12,32,0,0,0,0,0,0,32,,0
0x801720,0x80173F,0,32,0,0,0,0,0,0,32,,0
0x801740,0x80175F,114,44,4,0,0,0,0,0,32,,0
0x801760,0x80177F,50,46,0,0,0,0,0,0,32,,0
0x801780,0x80179F,60,42,4,0,0,0,0,0,32,,0
0x8017A0,0x8017BF,104,44,8,0,0,0,0,0,32,,0
0x8017C0,0x8017DF,166,48,4,0,0,0,0,0,32,,0
0x8017E0,0x8017FF,72,36,0,0,0,0,0,0,32,,0
0x801800,0x80181F,64,84,0,0,0,0,0,0,32,,0
0x801820,0x80183F,28,32,0,0,0,0,0,0,32,,0
0x801840,0x80185F,32,36,4,0,0,0,0,0,32,,0
0x801860,0x80187F,76,32,0,0,0,0,0,0,32,,0
0x801880,0x80189F,264,32,4,0,0,0,0,0,32,,0
0x8018A0,0x8018BF,74,34,0,0,0,0,0,0,32,,0
0x8018C0,0x8018DF,104,52,0,0,0,0,0,0,32,,0
0x8018E0,0x8018FF,56,50,0,0,0,0,0,0,32,,0
0x801900,0x80191F,73,70,0,0,0,0,0,0,32,,0
0x801920,0x80193F,34,42,0,0,0,0,0,0,32,,0
0x801940,0x80195F,32,40,4,0,0,0,0,0,32,,0
0x801960,0x80197F,16,40,2,0,0,0,2,1,32,,0
0x801980,0x80199F,94,53,0,0,0,0,0,0,32,,0
0x8019A0,0x8019BF,26,24,4,0,0,0,0,2,32,,0
0x8019C0,0x8019DF,46,26,10,0,0,0,0,0,32,,0
0x8019E0,0x8019FF,24,42,3,0,0,0,0,0,32,,0
0x801A00,0x801A1F,18,32,17,0,0,0,0,0,32,,0
0x801A20,0x801A3F,32,68,4,0,0,0,0,0,32,,0
0x801A40,0x801A5F,49,26,8,0,0,0,0,1,32,,0
0x801A60,0x801A7F,42,60,6,0,0,0,4,0,32,,0
0x801A80,0x801A9F,56,52,8,0,0,0,0,0,32,,0
0x801AA0,0x801ABF,30,62,4,0,0,0,0,0,32,,0
0x801AC0,0x801ADF,44,74,18,0,0,0,0,0,32,,0
0x801AE0,0x801AFF,34,48,2,0,0,0,0,0,32,,0
0x801B00,0x801B1F,225,115,2,0,0,0,0,0,32,,0
0x801B20,0x801B3F,33,92,0,0,0,0,0,0,32,,0
0x801B40,0x801B5F,32,116,0,0,0,0,0,0,32,,0
0x801B60,0x801B7F,60,70,10,0,0,0,0,0,32,,0
0x801B80,0x801B9F,30,76,0,0,0,0,0,2,32,,0
0x801BA0,0x801BBF,32,34,0,0,0,0,0,0,32,,0
0x801BC0,0x801BDF,41,54,2,0,0,0,0,0,32,,0
0x801BE0,0x801BFF,44,44,12,0,0,0,0,0,32,,0
0x801C00,0x801C1F,32,60,0,0,0,0,0,0,32,,0
0x801C20,0x801C3F,68,60,0,0,0,0,0,0,32,,0
0x801C40,0x801C5F,44,96,0,0,0,0,0,0,32,,0
0x801C60,0x801C7F,44,38,0,0,0,0,0,0,32,,0
0x801C80,0x801C9F,89,47,2,0,0,0,0,0,32,,0
0x801CA0,0x801CBF,42,32,2,0,0,0,0,0,32,,0
0x801CC0,0x801CDF,58,49,2,0,0,0,0,0,32,,0
0x801CE0,0x801CFF,31,32,0,0,0,0,0,0,32,,0
0x801D00,0x801D1F,37,39,0,0,0,0,0,0,32,,0
0x801D20,0x801D3F,61,57,2,0,0,0,0,0,32,,0
0x801D40,0x801D5F,0,38,11,0,0,0,0,0,32,,0
0x801D60,0x801D7F,24,34,5,0,0,0,0,0,32,,0
0x801D80,0x801D9F,26,34,24,0,0,0,0,0,32,,0
0x801DA0,0x801DBF,32,66,4,0,0,0,0,0,32,,0
0x801DC0,0x801DDF,32,60,0,0,0,0,0,0,32,,0
0x801DE0,0x801DFF,59,115,0,0,0,0,0,0,32,,0
0x801E00,0x801E1F,62,86,0,0,0,0,0,0,32,,0
0x801E20,0x801E3F,124,78,4,0,0,0,0,0,32,,0
0x801E40,0x801E5F,100,58,4,0,0,0,0,0,32,,0
0x801E60,0x801E7F,163,90,1,0,0,0,0,0,32,,0
0x801E80,0x801E9F,50,55,6,0,0,0,0,0,32,,0
0x801EA0,0x801EBF,82,65,6,0,0,0,0,0,32,,0
0x801EC0,0x801EDF,44,33,1,0,0,0,0,1,32,,0
0x801EE0,0x801EFF,48,58,0,0,0,0,0,0,32,,0
0x801F00,0x801F1F,40,46,0,0,0,0,0,0,32,,0
0x801F20,0x801F3F,54,42,0,0,0,0,0,0,32,,0
0x801F40,0x801F5F,24,42,1,0,0,0,0,0,32,,0
0x801F60,0x801F7F,2,2,0,0,0,0,0,0,32,,0
0x801F80,0x801F9F,45,39,1,0,0,0,0,0,32,,0
0x801FA0,0x801FBF,34,50,0,0,0,0,0,0,32,,0
0x801FC0,0x801FDF,33,73,0,0,0,0,0,0,32,,0
0x801FE0,0x801FFF,54,87,0,0,0,0,0,0,32,,0
0x802000,0x80201F,80,49,1,0,0,0,0,0,32,,0
0x802020,0x80203F,93,64,1,0,0,0,0,1,32,,0
0x802040,0x80205F,0,0,8,0,0,0,0,0,32,,0
0x802060,0x80207F,10,12,10,0,0,0,0,0,32,,0
0x802080,0x80209F,37,46,0,0,0,0,0,1,32,,0
0x8020A0,0x8020BF,49,44,20,0,0,0,0,0,32,,0
0x8020C0,0x8020DF,49,63,1,0,0,0,0,0,32,,0
0x8020E0,0x8020FF,39,73,1,0,0,0,0,1,32,,0
0x802100,0x80211F,50,49,5,0,0,0,0,0,32,,0
0x802120,0x80213F,134,77,6,0,0,0,0,1,32,,0
0x802140,0x80215F,12,24,1,0,0,0,0,0,32,,0
0x802160,0x80217F,69,56,0,0,0,0,0,0,32,,0
0x802180,0x80219F,108,64,2,0,0,0,0,0,32,,0
0x8021A0,0x8021BF,105,50,2,0,0,0,0,0,32,,0
0x8021C0,0x8021DF,63,71,5,0,0,0,0,0,32,,0
0x8021E0,0x8021FF,204,85,7,0,0,0,4,0,32,,0
0x802200,0x80221F,44,102,0,0,0,0,0,0,32,,0
0x802220,0x80223F,286,59,2,0,0,0,2,3,32,,0
0x802240,0x80225F,152,60,3,0,0,0,0,0,32,,0
0x802260,0x80227F,123,36,2,0,0,0,0,1,32,,0
0x802280,0x80229F,16,26,0,0,0,0,0,0,32,,0
0x8022A0,0x8022BF,28,32,4,0,0,0,0,0,32,,0
0x8022C0,0x8022DF,28,32,4,0,0,0,0,0,32,,0
0x8022E0,0x8022FF,36,34,8,0,0,0,0,0,32,,0
0x802300,0x80231F,26,30,2,0,0,0,0,0,32,,0
0x802320,0x80233F,38,45,0,0,0,0,0,0,32,,0
0x802340,0x80235F,42,34,2,0,0,0,0,0,32,,0
0x802360,0x80237F,52,40,0,0,0,0,0,0,32,,0
0x802380,0x80239F,64,34,0,0,0,0,0,0,32,,0
0x8023A0,0x8023BF,46,34,0,0,0,0,0,0,32,,0
0x8023C0,0x8023DF,48,32,0,0,0,0,0,0,32,,0
0x8023E0,0x8023FF,67,35,0,0,0,0,0,0,32,,0
0x802400,0x80241F,51,31,0,0,0,0,0,0,32,,0
0x802420,0x80243F,30,32,0,0,0,0,0,0,32,,0
0x802440,0x80245F,133,32,0,0,0,0,0,0,32,,0
0x802460,0x80247F,87,62,0,0,0,0,0,0,32,,0
0x802480,0x80249F,53,42,2,0,0,0,0,0,32,,0
0x8024A0,0x8024BF,63,32,1,0,0,0,0,0,32,,0
0x8024C0,0x8024DF,45,31,0,0,0,0,0,0,32,,0
0x8024E0,0x8024FF,38,64,0,0,0,0,0,0,32,,0
0x802500,0x80251F,73,128,0,0,0,0,0,0,32,,0
0x802520,0x80253F,113,48,3,0,0,0,0,0,32,,0
0x802540,0x80255F,42,36,0,0,0,0,0,0,32,,0
0x802560,0x80257F,29,33,0,0,0,0,0,0,32,,0
0x802580,0x80259F,45,55,0,0,0,0,0,0,32,,0
0x8025A0,0x8025BF,38,42,0,0,0,0,0,0,32,,0
0x8025C0,0x8025DF,57,42,0,0,0,0,0,0,32,,0
0x8025E0,0x8025FF,58,42,0,0,0,0,0,2,32,,0
0x802600,0x80261F,50,63,0,0,0,0,0,0,32,,0
0x802620,0x80263F,64,20,3,0,0,0,0,0,32,,0
0x802640,0x80265F,124,43,3,0,0,0,0,0,32,,0
0x802660,0x80267F,136,159,0,0,0,0,0,0,32,,0
0x802680,0x80269F,54,67,8,0,0,0,0,0,32,,0
0x8026A0,0x8026BF,56,47,5,0,0,0,0,0,32,,0
0x8026C0,0x8026DF,45,41,17,0,0,0,0,0,32,,0
0x8026E0,0x8026FF,11,16,12,0,0,0,0,0,32,,0
0x802700,0x80271F,16,13,9,0,0,0,0,0,32,,0
0x802720,0x80273F,0,0,10,0,0,0,0,0,32,,0
0x802740,0x80275F,27,39,11,0,0,0,0,0,32,,0
0x802760,0x80277F,16,36,0,0,0,0,0,0,32,,0
0x802780,0x80279F,126,50,0,0,0,0,0,0,32,,0
0x8027A0,0x8027BF,38,50,0,0,0,0,0,0,32,,0
0x8027C0,0x8027DF,34,44,0,0,0,0,0,0,32,,0
0x8027E0,0x8027FF,38,36,2,0,0,0,0,0,32,,0
0x802800,0x80281F,28,44,2,0,0,0,0,0,32,,0
0x802820,0x80283F,60,26,4,0,0,0,0,0,32,,0
0x802840,0x80285F,46,46,0,0,0,0,0,0,32,,0
0x802860,0x80287F,62,90,0,0,0,0,0,0,32,,0
0x802880,0x80289F,100,102,0,0,0,0,0,0,32,,0
0x8028A0,0x8028BF,86,114,0,0,0,0,0,0,32,,0
0x8028C0,0x8028DF,30,60,0,0,0,0,0,0,32,,0
0x8028E0,0x8028FF,42,60,2,0,0,0,0,0,32,,0
0x802900,0x80291F,30,44,0,0,0,0,0,0,32,,0
0x802920,0x80293F,42,46,0,0,0,0,0,0,32,,0
0x802940,0x80295F,10,6,10,0,0,0,0,0,32,,0
0x802960,0x80297F,38,40,4,0,0,0,0,0,32,,0
0x802980,0x80299F,32,46,0,0,0,0,0,0,32,,0
0x8029A0,0x8029BF,16,28,0,0,0,0,0,0,32,,0
0x8029C0,0x8029DF,38,40,0,0,0,0,0,0,32,,0
0x8029E0,0x8029FF,30,40,0,0,0,0,0,0,32,,0
0x802A00,0x802A1F,96,44,4,0,0,0,0,0,32,,0
0x802A20,0x802A3F,46,42,8,0,0,0,0,0,32,,0
0x802A40,0x802A5F,70,40,0,0,0,0,0,0,32,,0
0x802A60,0x802A7F,40,48,2,0,0,0,0,0,32,,0
0x802A80,0x802A9F,34,40,2,0,0,0,0,0,32,,0
0x802AA0,0x802ABF,76,38,0,0,0,0,0,0,32,,0
0x802AC0,0x802ADF,190,526,6,0,0,0,0,0,32,,0
0x802AE0,0x802AFF,64,74,10,0,0,0,0,0,32,,0
0x802B00,0x802B1F,140,62,23,0,0,0,0,0,32,,0
0x802B20,0x802B3F,106,60,16,0,0,0,0,0,32,,0
0x802B40,0x802B5F,138,64,39,0,0,0,0,0,32,,0
0x802B60,0x802B7F,124,62,22,0,0,0,0,0,32,,0
0x802B80,0x802B9F,78,50,4,0,0,0,0,0,32,,0
0x802BA0,0x802BBF,60,66,4,0,0,0,0,0,32,,0
0x802BC0,0x802BDF,54,58,4,0,0,0,0,0,32,,0
0x802BE0,0x802BFF,94,44,5,0,0,0,0,0,32,,0
0x802C00,0x802C1F,0,0,1,0,0,0,0,0,32,,0
0x802C20,0x802C3F,58,50,1,0,0,0,0,0,32,,0
0x802C40,0x802C5F,6,6,2,0,0,0,0,0,32,,0
0x802C60,0x802C7F,0,0,1,0,0,0,0,0,32,,0
0x802C80,0x802C9F,0,0,1,0,0,0,0,0,32,,0
0x802CA0,0x802CBF,0,0,0,0,0,0,0,0,32,,1
0x802CC0,0x802CDF,120,44,4,0,0,0,0,0,32,,0
0x802CE0,0x802CFF,14,50,0,0,0,0,0,0,32,,0
0x802D00,0x802D1F,48,86,0,0,0,0,0,0,32,,0
0x802D20,0x802D3F,54,58,0,0,0,0,0,0,32,,0
0x802D40,0x802D5F,42,38,0,0,0,0,0,0,32,,0
0x802D60,0x802D7F,54,54,0,0,0,0,0,0,32,,0
0x802D80,0x802D9F,36,44,0,0,0,0,0,0,32,,0
0x802DA0,0x802DBF,52,72,0,0,0,0,0,0,32,,0
0x802DC0,0x802DDF,72,72,10,0,0,0,0,0,32,,0
0x802DE0,0x802DFF,152,90,6,0,0,0,0,0,32,,0
0x802E00,0x802E1F,74,52,8,0,0,0,0,0,32,,0
0x802E20,0x802E3F,28,40,0,0,0,0,0,0,32,,0
0x802E40,0x802E5F,28,56,0,0,0,0,0,0,32,,0
0x802E60,0x802E7F,28,62,0,0,0,0,0,0,32,,0
0x802E80,0x802E9F,42,62,0,0,0,0,0,0,32,,0
0x802EA0,0x802EBF,36,48,1,0,0,0,0,0,32,,0
0x802EC0,0x802EDF,0,0,0,0,0,0,0,0,32,,1
0x802EE0,0x802EFF,0,0,1,0,0,0,0,0,32,,0
0x802F00,0x802F1F,0,0,0,0,0,0,0,0,32,,1
0x802F20,0x802F3F,0,0,1,0,0,0,0,0,32,,0
0x802F40,0x802F5F,0,0,1,0,0,0,0,0,32,,0
0x802F60,0x802F7F,0,0,0,0,0,0,0,0,32,,1
0x802F80,0x802F9F,12,20,0,0,0,0,0,0,32,,0
0x802FA0,0x802FBF,72,36,0,0,0,0,0,0,32,,0
0x802FC0,0x802FDF,48,32,0,0,0,0,0,0,32,,0
0x802FE0,0x802FFF,36,68,4,0,0,0,0,0,32,,0
0x803000,0x80301F,128,38,8,0,0,0,0,0,32,,0
0x803020,0x80303F,124,54,4,0,0,0,0,0,32,,0
0x803040,0x80305F,102,64,10,0,0,0,0,0,32,,0
0x803060,0x80307F,44,48,0,0,0,0,0,0,32,,0
0x803080,0x80309F,120,62,6,0,0,0,0,0,32,,0
0x8030A0,0x8030BF,24,24,5,0,0,0,0,0,32,,0
0x8030C0,0x8030DF,40,46,15,0,0,0,0,0,32,,0
0x8030E0,0x8030FF,66,40,8,0,0,0,0,0,32,,0
0x803100,0x80311F,94,46,4,0,0,0,0,0,32,,0
0x803120,0x80313F,64,32,4,0,0,0,0,0,32,,0
0x803140,0x80315F,52,36,2,0,0,0,0,0,32,,0
0x803160,0x80317F,38,42,6,0,0,0,0,0,32,,0
0x803180,0x80319F,40,40,6,0,0,0,0,0,32,,0
0x8031A0,0x8031BF,62,44,6,0,0,0,0,0,32,,0
0x8031C0,0x8031DF,144,52,8,0,0,0,0,0,32,,0
0x8031E0,0x8031FF,66,42,2,0,0,0,0,0,32,,0
0x803200,0x80321F,44,40,0,0,0,0,0,0,32,,0
0x803220,0x80323F,48,58,0,0,0,0,0,0,32,,0
0x803240,0x80325F,18,28,4,0,0,0,0,0,32,,0
0x803260,0x80327F,46,44,2,0,0,0,0,0,32,,0
0x803280,0x80329F,104,76,0,0,0,0,0,0,32,,0
0x8032A0,0x8032BF,268,112,0,0,0,0,0,0,32,,0
0x8032C0,0x8032DF,34,52,0,0,0,0,0,0,32,,0
0x8032E0,0x8032FF,24,38,2,0,0,0,0,0,32,,0
0x803300,0x80331F,28,30,2,0,0,0,0,0,32,,0
0x803320,0x80333F,12,8,3,0,0,0,0,0,32,,0
0x803340,0x80335F,20,14,6,0,0,0,0,0,32,,0
0x803360,0x80337F,18,18,1,0,0,0,0,0,32,,0
0x803380,0x80339F,48,32,6,0,0,0,0,0,32,,0
0x8033A0,0x8033BF,48,20,21,0,0,0,0,0,32,,0
0x8033C0,0x8033DF,32,50,10,0,0,0,0,0,32,,0
0x8033E0,0x8033FF,62,48,2,0,0,0,0,0,32,,0
0x803400,0x80341F,12,32,0,0,0,0,0,0,32,,0
0x803420,0x80343F,38,28,0,0,0,0,0,0,32,,0
0x803440,0x80345F,138,64,14,0,0,0,0,0,32,,0
0x803460,0x80347F,28,44,0,0,0,0,0,0,32,,0
0x803480,0x80349F,38,42,0,0,0,0,0,0,32,,0
0x8034A0,0x8034BF,110,66,0,0,0,0,0,0,32,,0
0x8034C0,0x8034DF,34,54,0,0,0,0,0,0,32,,0
0x8034E0,0x8034FF,102,52,0,0,0,0,0,0,32,,0
0x803500,0x80351F,110,36,2,0,0,0,0,0,32,,0
0x803520,0x80353F,52,38,0,0,0,0,0,0,32,,0
0x803540,0x80355F,74,50,2,0,0,0,0,0,32,,0
0x803560,0x80357F,64,38,0,0,0,0,0,0,32,,0
0x803580,0x80359F,106,52,4,0,0,0,0,0,32,,0
0x8035A0,0x8035BF,54,36,2,0,0,0,0,0,32,,0
0x8035C0,0x8035DF,62,48,0,0,0,0,0,0,32,,0
0x8035E0,0x8035FF,88,36,4,0,0,0,0,0,32,,0
0x803600,0x80361F,64,42,2,0,0,0,0,0,32,,0
0x803620,0x80363F,0,0,0,0,0,20,0,0,32,,0
0x803640,0x80365F,0,0,0,0,0,0,0,0,32,,1
0x803660,0x80367F,0,0,0,0,0,1,0,0,32,,0
0x803680,0x80369F,0,0,0,0,0,0,0,0,32,,1
0x8036A0,0x8036BF,0,0,0,0,0,0,0,0,32,,1
0x8036C0,0x8036DF,0,0,0,0,0,0,0,0,32,,1
0x8036E0,0x8036FF,0,0,0,0,0,0,0,0,32,,1
0x803700,0x80371F,0,0,0,0,0,1,0,0,32,,0
0x803720,0x80373F,0,0,0,0,0,0,0,0,32,,1
0x803740,0x80375F,0,0,0,0,0,0,0,0,32,,1
0x803760,0x80377F,0,0,0,0,0,0,0,0,32,,1
0x803780,0x80379F,0,0,0,0,0,0,0,0,32,,1
0x8037A0,0x8037BF,0,0,0,0,0,0,0,0,32,,1
0x8037C0,0x8037DF,0,0,0,0,0,0,0,0,32,,1
0x8037E0,0x8037FF,0,0,0,0,0,3,0,0,32,,0
0x803800,0x80381F,0,0,0,0,0,0,0,0,32,,1
0x803820,0x80383F,0,0,0,0,0,0,0,0,32,,1
0x803840,0x80385F,0,0,0,0,0,0,0,0,32,,1
0x803860,0x80387F,0,0,0,0,0,0,0,0,32,,1
0x803880,0x80389F,0,0,0,0,0,0,0,0,32,,1
0x8038A0,0x8038BF,0,0,0,0,0,0,0,0,32,,1
0x8038C0,0x8038DF,0,0,0,0,0,2,0,0,32,,0
0x8038E0,0x8038FF,0,0,0,0,0,0,0,0,32,,1
0x803900,0x80391F,0,0,0,0,0,0,0,0,32,,1
0x803920,0x80393F,0,0,0,0,0,0,0,0,32,,1
0x803940,0x80395F,0,0,0,0,0,0,0,0,32,,1
0x803960,0x80397F,0,0,0,0,0,2,0,0,32,,0
0x803980,0x80399F,0,0,0,0,0,0,0,0,32,,1
0x8039A0,0x8039BF,0,0,0,0,0,0,0,0,32,,1
0x8039C0,0x8039DF,0,0,0,0,0,0,0,0,32,,1
0x8039E0,0x8039FF,0,0,0,0,0,0,0,0,32,,1
0x803A00,0x803A1F,0,0,0,0,4,5,0,0,32,,0
0x803A20,0x803A3F,16,16,0,0,0,0,1,0,32,,0
0x803A40,0x803A5F,0,0,0,0,0,0,0,0,32,,1
0x803A60,0x803A7F,0,0,0,0,0,0,0,0,32,,1
0x803A80,0x803A9F,0,0,0,0,0,0,0,0,32,,1
0x803AA0,0x803ABF,0,0,0,0,0,0,0,0,32,,1
0x803AC0,0x803ADF,0,0,0,0,0,0,0,0,32,,1
0x803AE0,0x803AFF,0,0,0,0,0,0,0,0,32,,1
0x803B00,0x803B1F,0,0,0,0,0,0,0,0,32,,1
0x803B20,0x803B3F,0,0,0,0,0,0,1,0,32,,0
0x803B40,0x803B5F,0,0,0,0,0,0,1,0,32,,0
0x803B60,0x803B7F,0,0,0,0,0,0,1,0,32,,0
0x803B80,0x803B9F,2,0,0,11,11,13,0,0,32,,0
0x803BA0,0x803BBF,0,0,0,195,32,16,0,0,32,,0
0x803BC0,0x803BDF,12,8,2,85,18,4,0,0,32,,0
0x803BE0,0x803BFF,0,0,0,0,0,4,0,0,32,,0
0x803C00,0x803C1F,0,0,0,5,4,1,1,0,32,,0
0x803C20,0x803C3F,0,0,0,0,0,0,0,0,32,,1
0x803C40,0x803C5F,0,0,0,0,0,0,0,0,32,,1
0x803C60,0x803C7F,0,0,0,0,0,0,0,0,32,,1
0x803C80,0x803C9F,0,0,0,0,0,0,0,0,32,,1
0x803CA0,0x803CBF,0,0,0,0,0,0,0,0,32,,1
0x803CC0,0x803CDF,0,0,0,0,0,0,0,0,32,,1
0x803CE0,0x803CFF,0,0,0,0,0,0,0,0,32,,1
0x803D00,0x803D1F,0,0,0,25,21,5,0,0,32,,0
0x803D20,0x803D3F,0,0,0,24,26,4,0,0,32,,0
0x803D40,0x803D5F,0,8,0,40,31,12,0,0,32,,0
0x803D60,0x803D7F,87,0,0,67,27,19,0,0,32,,0
0x803D80,0x803D9F,0,0,0,20,12,0,0,0,32,,0
0x803DA0,0x803DBF,0,0,0,106,80,20,0,0,32,kwp_io_struct+kwp_response_pending_flags,0
0x803DC0,0x803DDF,0,0,0,70,103,16,0,0,32,,0
0x803DE0,0x803DFF,0,0,0,3,6,5,0,0,32,,0
0x803E00,0x803E1F,0,0,0,161,24,10,0,0,32,,0
0x803E20,0x803E3F,0,0,0,10,36,20,0,0,32,,0
0x803E40,0x803E5F,0,0,0,48,16,6,0,0,32,,0
0x803E60,0x803E7F,0,0,0,67,80,6,0,0,32,,0
0x803E80,0x803E9F,0,0,0,19,16,14,0,0,32,,0
0x803EA0,0x803EBF,0,4,0,9,7,3,0,0,32,,0
0x803EC0,0x803EDF,0,0,0,24,32,9,0,0,32,,0
0x803EE0,0x803EFF,0,0,0,0,2,13,0,0,32,can_rx_shadow,0
0x803F00,0x803F1F,0,0,0,0,0,4,0,0,32,can_rx_shadow,0
0x803F20,0x803F3F,0,0,0,0,0,4,0,0,32,can_rx_shadow,0
0x803F40,0x803F5F,0,0,0,0,0,3,0,0,32,can_rx_shadow,0
0x803F60,0x803F7F,0,0,0,0,0,3,0,0,32,can_rx_shadow,0
0x803F80,0x803F9F,0,0,0,0,0,3,0,0,32,can_rx_shadow,0
0x803FA0,0x803FBF,0,0,0,0,0,1,0,0,32,can_rx_shadow,0
0x803FC0,0x803FDF,0,0,0,0,0,1,0,0,32,can_rx_shadow,0
0x803FE0,0x803FFF,0,0,0,0,4,4,0,0,32,can_rx_shadow,0
0x804000,0x80401F,0,0,0,0,0,0,0,0,32,,1
0x804020,0x80403F,0,0,0,0,1,5,0,0,32,,0
0x804040,0x80405F,0,0,0,0,0,0,0,0,32,,1
0x804060,0x80407F,0,0,0,0,0,0,0,0,32,,1
0x804080,0x80409F,0,0,0,0,0,17,0,0,32,,0
0x8040A0,0x8040BF,0,0,0,0,0,0,0,0,32,,1
0x8040C0,0x8040DF,0,0,0,0,0,0,0,0,32,,1
0x8040E0,0x8040FF,0,0,0,0,0,29,0,0,32,,0
0x804100,0x80411F,0,0,0,0,0,0,0,0,32,,1
0x804120,0x80413F,0,0,0,0,0,0,0,0,32,,1
0x804140,0x80415F,0,0,0,0,0,0,0,0,32,,1
0x804160,0x80417F,0,0,0,0,0,0,0,0,32,,1
0x804180,0x80419F,0,0,0,0,0,0,0,0,32,,1
0x8041A0,0x8041BF,0,0,0,0,0,0,0,0,32,,1
0x8041C0,0x8041DF,0,0,0,0,0,0,0,0,32,,1
0x8041E0,0x8041FF,0,0,0,0,0,0,0,0,32,,1
0x804200,0x80421F,0,0,0,0,0,0,0,0,32,,1
0x804220,0x80423F,0,0,0,0,0,11,0,0,32,,0
0x804240,0x80425F,0,0,0,0,0,2,0,0,32,,0
0x804260,0x80427F,0,0,0,0,0,0,0,0,32,,1
0x804280,0x80429F,0,0,0,0,0,7,0,0,32,,0
0x8042A0,0x8042BF,0,0,0,0,0,0,0,0,32,,1
0x8042C0,0x8042DF,0,0,0,0,0,0,0,0,32,,1
0x8042E0,0x8042FF,0,0,0,0,0,0,0,0,32,,1
0x804300,0x80431F,0,0,0,0,0,0,0,0,32,,1
0x804320,0x80433F,0,0,0,0,0,0,0,0,32,,1
0x804340,0x80435F,0,0,0,0,0,0,0,0,32,,1
0x804360,0x80437F,0,0,0,0,0,0,2,0,32,,0
0x804380,0x80439F,0,0,0,0,0,0,2,0,32,,0
0x8043A0,0x8043BF,0,0,0,0,0,0,0,0,32,,1
0x8043C0,0x8043DF,0,0,0,0,0,0,1,0,32,,0
0x8043E0,0x8043FF,0,0,0,0,0,0,0,0,32,,1
0x804400,0x80441F,0,0,0,0,0,0,0,0,32,,1
0x804420,0x80443F,0,0,0,0,0,0,0,0,32,,1
0x804440,0x80445F,0,0,0,0,0,0,0,0,32,,1
0x804460,0x80447F,0,0,0,0,0,0,0,0,32,,1
0x804480,0x80449F,0,0,0,0,0,0,0,0,32,,1
0x8044A0,0x8044BF,0,0,0,0,0,0,0,0,32,,1
0x8044C0,0x8044DF,0,0,0,0,0,0,1,0,32,,0
0x8044E0,0x8044FF,0,0,0,0,0,0,0,0,32,,1
0x804500,0x80451F,0,0,0,0,0,0,0,0,32,,1
0x804520,0x80453F,0,0,0,0,0,0,0,0,32,,1
0x804540,0x80455F,0,0,0,0,0,1,0,0,32,,0
0x804560,0x80457F,0,0,0,0,0,0,0,0,32,,1
0x804580,0x80459F,0,0,0,0,0,0,0,0,32,,1
0x8045A0,0x8045BF,0,0,0,0,0,0,0,0,32,,1
0x8045C0,0x8045DF,0,0,0,0,0,0,0,0,32,,1
0x8045E0,0x8045FF,0,0,0,0,0,0,0,0,32,,1
0x804600,0x80461F,0,0,0,0,0,0,0,0,32,,1
0x804620,0x80463F,0,0,0,0,0,0,0,0,32,,1
0x804640,0x80465F,0,0,0,0,0,0,0,0,32,,1
0x804660,0x80467F,0,0,0,0,0,0,0,0,32,,1
0x804680,0x80469F,0,0,0,0,0,0,0,0,32,,1
0x8046A0,0x8046BF,0,0,0,0,0,0,0,0,32,,1
0x8046C0,0x8046DF,0,0,0,0,0,5,0,0,32,,0
0x8046E0,0x8046FF,0,0,0,0,0,0,0,0,32,,1
0x804700,0x80471F,0,0,0,0,0,0,0,0,32,,1
0x804720,0x80473F,0,0,0,0,0,0,1,0,32,,0
0x804740,0x80475F,0,0,0,0,0,0,0,0,32,,1
0x804760,0x80477F,0,0,0,0,0,0,0,0,32,,1
0x804780,0x80479F,0,0,0,0,0,0,0,0,32,,1
0x8047A0,0x8047BF,0,0,0,0,0,0,0,0,32,,1
0x8047C0,0x8047DF,0,0,0,0,0,0,0,0,32,,1
0x8047E0,0x8047FF,0,0,0,0,0,49,0,0,32,,0
0x804800,0x80481F,0,0,0,0,0,4,0,0,32,kwp_prog_copy_dest,0
0x804820,0x80483F,0,0,0,0,0,0,0,0,32,kwp_prog_copy_dest,0
0x804840,0x80485F,0,0,0,0,0,24,0,0,32,kwp_prog_copy_dest,0
0x804860,0x80487F,0,0,0,0,0,0,0,0,32,kwp_prog_copy_dest,0
0x804880,0x80489F,0,0,0,0,0,0,0,0,32,kwp_prog_copy_dest,0
0x8048A0,0x8048BF,0,0,0,0,0,0,0,0,32,kwp_prog_copy_dest,0
0x8048C0,0x8048DF,0,0,0,0,0,0,0,0,32,kwp_prog_copy_dest,0
0x8048E0,0x8048FF,0,0,0,0,0,0,0,0,32,kwp_prog_copy_dest,0
0x804900,0x80491F,0,0,0,0,0,0,0,0,32,kwp_prog_copy_dest,0
0x804920,0x80493F,0,0,0,0,0,0,0,0,32,kwp_prog_copy_dest,0
0x804940,0x80495F,0,0,0,2,16,0,0,0,32,kwp_prog_copy_dest,0
0x804960,0x80497F,0,0,0,0,4,2,0,0,32,kwp_prog_copy_dest,0
0x804980,0x80499F,0,0,0,0,0,2,0,0,16,kwp_prog_copy_dest,0
0x8049A0,0x8049BF,0,0,0,0,0,0,0,0,0,kwp_prog_copy_dest,0
0x8049C0,0x8049DF,0,0,0,0,0,0,0,0,0,kwp_prog_copy_dest,0
0x8049E0,0x8049FF,0,0,0,0,0,0,0,0,0,kwp_prog_copy_dest,0
0x804A00,0x804A1F,0,0,0,0,0,0,0,0,0,kwp_prog_copy_dest,0
0x804A20,0x804A3F,0,0,0,0,0,0,0,0,0,kwp_prog_copy_dest,0
0x804A40,0x804A5F,0,0,0,0,0,0,0,0,0,kwp_prog_copy_dest,0
0x804A60,0x804A7F,0,0,0,0,0,0,0,0,0,kwp_prog_copy_dest,0
0x804A80,0x804A9F,0,0,0,0,0,0,0,0,0,kwp_prog_copy_dest,0
0x804AA0,0x804ABF,0,0,0,0,0,0,0,0,0,kwp_prog_copy_dest,0
0x804AC0,0x804ADF,0,0,0,0,0,0,0,0,0,kwp_prog_copy_dest,0
0x804AE0,0x804AFF,0,0,0,0,0,0,0,0,0,kwp_prog_copy_dest,0
0x804B00,0x804B1F,0,0,0,0,0,0,0,0,0,kwp_prog_copy_dest,0
0x804B20,0x804B3F,0,0,0,0,0,0,0,0,0,kwp_prog_copy_dest,0
0x804B40,0x804B5F,0,0,0,0,0,0,0,0,0,kwp_prog_copy_dest,0
0x804B60,0x804B7F,0,0,0,0,0,0,0,0,0,kwp_prog_copy_dest,0
0x804B80,0x804B9F,0,0,0,0,0,0,0,0,0,kwp_prog_copy_dest,0
0x804BA0,0x804BBF,0,0,0,0,0,0,0,0,0,kwp_prog_copy_dest,0
0x804BC0,0x804BDF,0,0,0,0,0,0,0,0,0,kwp_prog_copy_dest,0
0x804BE0,0x804BFF,0,0,0,0,0,0,0,0,0,kwp_prog_copy_dest,0
0x804C00,0x804C1F,0,0,0,0,0,0,0,0,0,kwp_prog_copy_dest,0
0x804C20,0x804C3F,0,0,0,0,0,0,0,0,0,kwp_prog_copy_dest,0
0x804C40,0x804C5F,0,0,0,0,0,0,0,0,0,kwp_prog_copy_dest,0
0x804C60,0x804C7F,0,0,0,0,0,0,0,0,0,kwp_prog_copy_dest,0
0x804C80,0x804C9F,0,0,0,0,0,0,0,0,0,kwp_prog_copy_dest,0
0x804CA0,0x804CBF,0,0,0,0,0,0,0,0,0,kwp_prog_copy_dest,0
0x804CC0,0x804CDF,0,0,0,0,0,0,0,0,0,kwp_prog_copy_dest,0
0x804CE0,0x804CFF,0,0,0,0,0,0,0,0,0,kwp_prog_copy_dest,0
0x804D00,0x804D1F,0,0,0,0,0,0,0,0,0,kwp_prog_copy_dest,0
0x804D20,0x804D3F,0,0,0,0,0,0,0,0,0,kwp_prog_copy_dest,0
0x804D40,0x804D5F,0,0,0,0,0,0,0,0,0,kwp_prog_copy_dest,0
0x804D60,0x804D7F,0,0,0,0,0,0,0,0,0,kwp_prog_copy_dest,0
0x804D80,0x804D9F,0,0,0,0,0,0,0,0,0,kwp_prog_copy_dest,0
0x804DA0,0x804DBF,0,0,0,0,0,0,0,0,0,kwp_prog_copy_dest,0
0x804DC0,0x804DDF,0,0,0,0,0,0,0,0,0,kwp_prog_copy_dest,0
0x804DE0,0x804DFF,0,0,0,0,0,0,0,0,0,kwp_prog_copy_dest,0
0x804E00,0x804E1F,0,0,0,0,0,0,0,0,0,kwp_prog_copy_dest,0
0x804E20,0x804E3F,0,0,0,0,0,0,0,0,0,kwp_prog_copy_dest,0
0x804E40,0x804E5F,0,0,0,0,0,0,0,0,0,kwp_prog_copy_dest,0
0x804E60,0x804E7F,0,0,0,0,0,0,0,0,0,kwp_prog_copy_dest,0
0x804E80,0x804E9F,0,0,0,0,0,0,1,0,0,kwp_prog_copy_dest,0
0x804EA0,0x804EBF,0,0,0,0,0,0,0,0,0,kwp_prog_copy_dest,0
0x804EC0,0x804EDF,0,0,0,0,0,0,0,0,0,kwp_prog_copy_dest,0
0x804EE0,0x804EFF,0,0,0,0,0,0,0,0,0,kwp_prog_copy_dest,0
0x804F00,0x804F1F,0,0,0,0,0,0,0,0,0,kwp_prog_copy_dest,0
0x804F20,0x804F3F,0,0,0,0,0,0,0,0,0,kwp_prog_copy_dest,0
0x804F40,0x804F5F,0,0,0,0,0,0,0,0,0,kwp_prog_copy_dest,0
0x804F60,0x804F7F,0,0,0,0,0,0,0,0,0,kwp_prog_copy_dest,0
0x804F80,0x804F9F,0,0,0,0,0,0,0,0,0,kwp_prog_copy_dest,0
0x804FA0,0x804FBF,0,0,0,0,0,0,0,0,0,kwp_prog_copy_dest,0
0x804FC0,0x804FDF,0,0,0,0,0,0,0,0,0,kwp_prog_copy_dest,0
0x804FE0,0x804FFF,0,0,0,0,0,0,0,0,0,kwp_prog_copy_dest,0
0x805000,0x80501F,0,0,0,0,0,0,0,0,0,kwp_prog_copy_dest,0
0x805020,0x80503F,0,0,0,0,0,0,0,0,0,kwp_prog_copy_dest,0
0x805040,0x80505F,0,0,0,0,0,0,0,0,0,kwp_prog_copy_dest,0
0x805060,0x80507F,0,0,0,0,0,0,0,0,0,kwp_prog_copy_dest,0
0x805080,0x80509F,0,0,0,0,0,0,0,0,0,kwp_prog_copy_dest,0
0x8050A0,0x8050BF,0,0,0,0,0,0,0,0,0,kwp_prog_copy_dest,0
0x8050C0,0x8050DF,0,0,0,0,0,0,0,0,0,kwp_prog_copy_dest,0
0x8050E0,0x8050FF,0,0,0,0,0,0,0,0,0,kwp_prog_copy_dest,0
0x805100,0x80511F,0,0,0,0,0,0,0,0,0,kwp_prog_copy_dest,0
0x805120,0x80513F,0,0,0,0,0,0,0,0,0,kwp_prog_copy_dest,0
0x805140,0x80515F,0,0,0,0,0,0,0,0,0,kwp_prog_copy_dest,0
0x805160,0x80517F,0,0,0,0,0,0,0,0,0,kwp_prog_copy_dest,0
0x805180,0x80519F,0,0,0,0,0,0,0,0,0,kwp_prog_copy_dest,0
0x8051A0,0x8051BF,0,0,0,0,0,0,0,0,0,kwp_prog_copy_dest,0
0x8051C0,0x8051DF,0,0,0,0,0,0,0,0,0,kwp_prog_copy_dest,0
0x8051E0,0x8051FF,0,0,0,0,0,0,0,0,0,kwp_prog_copy_dest,0
0x805200,0x80521F,0,0,0,0,0,0,0,0,0,kwp_prog_copy_dest,0
0x805220,0x80523F,0,0,0,0,0,0,0,0,0,kwp_prog_copy_dest,0
0x805240,0x80525F,0,0,0,0,0,0,0,0,0,kwp_prog_copy_dest,0
0x805260,0x80527F,0,0,0,0,0,0,0,0,0,kwp_prog_copy_dest,0
0x805280,0x80529F,0,0,0,0,0,0,0,0,0,kwp_prog_copy_dest,0
0x8052A0,0x8052BF,0,0,0,0,0,0,0,0,0,kwp_prog_copy_dest,0
0x8052C0,0x8052DF,0,0,0,0,0,0,0,0,0,kwp_prog_copy_dest,0
0x8052E0,0x8052FF,0,0,0,0,0,0,0,0,0,kwp_prog_copy_dest,0
0x805300,0x80531F,0,0,0,0,0,0,0,0,0,kwp_prog_copy_dest,0
0x805320,0x80533F,0,0,0,0,0,0,0,0,0,kwp_prog_copy_dest,0
0x805340,0x80535F,0,0,0,0,0,0,0,0,0,kwp_prog_copy_dest,0
0x805360,0x80537F,0,0,0,0,0,0,0,0,0,kwp_prog_copy_dest,0
0x805380,0x80539F,0,0,0,0,0,0,0,0,0,kwp_prog_copy_dest,0
0x8053A0,0x8053BF,0,0,0,0,0,0,0,0,0,kwp_prog_copy_dest,0
0x8053C0,0x8053DF,0,0,0,0,0,0,0,0,0,kwp_prog_copy_dest,0
0x8053E0,0x8053FF,0,0,0,0,0,5,0,0,0,kwp_prog_copy_dest,0
0x805400,0x80541F,0,0,0,0,0,0,0,0,0,kwp_prog_copy_dest,0
0x805420,0x80543F,0,0,0,0,0,0,0,0,0,kwp_prog_copy_dest,0
0x805440,0x80545F,0,0,0,0,0,0,0,0,0,kwp_prog_copy_dest,0
0x805460,0x80547F,0,0,0,0,0,0,0,0,0,kwp_prog_copy_dest,0
0x805480,0x80549F,0,0,0,0,0,0,0,0,0,kwp_prog_copy_dest,0
0x8054A0,0x8054BF,0,0,0,0,0,0,0,0,0,kwp_prog_copy_dest,0
0x8054C0,0x8054DF,0,0,0,0,0,0,0,0,0,kwp_prog_copy_dest,0
0x8054E0,0x8054FF,0,0,0,0,0,0,0,0,0,kwp_prog_copy_dest,0
0x805500,0x80551F,0,0,0,0,0,0,0,0,0,kwp_prog_copy_dest,0
0x805520,0x80553F,0,0,0,0,0,0,0,0,0,kwp_prog_copy_dest,0
0x805540,0x80555F,0,0,0,0,0,0,0,0,0,kwp_prog_copy_dest,0
0x805560,0x80557F,0,0,0,0,0,0,0,0,0,kwp_prog_copy_dest,0
0x805580,0x80559F,0,0,0,0,0,0,0,0,0,kwp_prog_copy_dest,0
0x8055A0,0x8055BF,0,0,0,0,0,0,0,0,0,kwp_prog_copy_dest,0
0x8055C0,0x8055DF,0,0,0,0,0,0,3,0,0,kwp_prog_copy_dest,0
0x8055E0,0x8055FF,0,0,0,0,0,0,0,0,0,kwp_prog_copy_dest,0
0x805600,0x80561F,0,0,0,0,0,0,0,0,0,kwp_prog_copy_dest,0
0x805620,0x80563F,0,0,0,0,0,0,0,0,0,kwp_prog_copy_dest,0
0x805640,0x80565F,0,0,0,0,0,0,0,0,0,kwp_prog_copy_dest,0
0x805660,0x80567F,0,0,0,0,0,0,0,0,0,kwp_prog_copy_dest,0
0x805680,0x80569F,0,0,0,0,0,0,3,0,0,kwp_prog_copy_dest,0
0x8056A0,0x8056BF,0,0,0,0,0,0,0,0,0,kwp_prog_copy_dest,0
0x8056C0,0x8056DF,0,0,0,0,0,0,3,0,0,kwp_prog_copy_dest,0
0x8056E0,0x8056FF,0,0,0,0,0,0,0,0,0,kwp_prog_copy_dest,0
0x805700,0x80571F,0,0,0,0,0,0,0,0,0,kwp_prog_copy_dest,0
0x805720,0x80573F,0,0,0,0,0,0,0,0,0,kwp_prog_copy_dest,0
0x805740,0x80575F,0,0,0,0,0,0,3,0,0,kwp_prog_copy_dest,0
0x805760,0x80577F,0,0,0,0,0,0,0,0,0,kwp_prog_copy_dest,0
0x805780,0x80579F,0,0,0,0,0,1,0,0,0,kwp_prog_copy_dest,0
0x8057A0,0x8057BF,0,0,0,0,0,0,0,0,0,kwp_prog_copy_dest,0
0x8057C0,0x8057DF,0,0,0,0,0,0,0,0,0,kwp_prog_copy_dest,0
0x8057E0,0x8057FF,0,0,0,0,0,0,0,0,0,kwp_prog_copy_dest,0
0x805800,0x80581F,0,0,0,0,0,0,0,0,0,kwp_prog_copy_dest,0
0x805820,0x80583F,0,0,0,0,0,0,0,0,0,kwp_prog_copy_dest,0
0x805840,0x80585F,0,0,0,0,0,0,0,0,0,kwp_prog_copy_dest,0
0x805860,0x80587F,0,0,0,0,0,0,0,0,0,kwp_prog_copy_dest,0
0x805880,0x80589F,0,0,0,0,0,0,0,0,0,kwp_prog_copy_dest,0
0x8058A0,0x8058BF,0,0,0,0,0,0,0,0,0,kwp_prog_copy_dest,0
0x8058C0,0x8058DF,0,0,0,0,0,0,0,0,0,kwp_prog_copy_dest,0
0x8058E0,0x8058FF,0,0,0,0,0,0,0,0,0,kwp_prog_copy_dest,0
0x805900,0x80591F,0,0,0,0,0,0,0,0,0,kwp_prog_copy_dest,0
0x805920,0x80593F,0,0,0,0,0,0,0,0,0,kwp_prog_copy_dest,0
0x805940,0x80595F,0,0,0,0,0,0,0,0,0,kwp_prog_copy_dest,0
0x805960,0x80597F,0,0,0,0,0,0,0,0,0,kwp_prog_copy_dest,0
0x805980,0x80599F,0,0,0,0,0,0,0,0,0,kwp_prog_copy_dest,0
0x8059A0,0x8059BF,0,0,0,0,0,0,0,0,0,kwp_prog_copy_dest,0
0x8059C0,0x8059DF,0,0,0,0,0,0,0,0,0,kwp_prog_copy_dest,0
0x8059E0,0x8059FF,0,0,0,0,0,0,0,0,0,kwp_prog_copy_dest,0
0x805A00,0x805A1F,0,0,0,0,0,0,0,0,0,kwp_prog_copy_dest,0
0x805A20,0x805A3F,0,0,0,0,0,0,0,0,0,kwp_prog_copy_dest,0
0x805A40,0x805A5F,0,0,0,0,0,0,0,0,0,kwp_prog_copy_dest,0
0x805A60,0x805A7F,0,0,0,0,0,0,0,0,0,kwp_prog_copy_dest,0
0x805A80,0x805A9F,0,0,0,0,0,0,0,0,0,kwp_prog_copy_dest,0
0x805AA0,0x805ABF,0,0,0,0,0,0,0,0,0,kwp_prog_copy_dest,0
0x805AC0,0x805ADF,0,0,0,0,0,0,0,0,0,kwp_prog_copy_dest,0
0x805AE0,0x805AFF,0,0,0,0,0,0,0,0,0,kwp_prog_copy_dest,0
0x805B00,0x805B1F,0,0,0,0,0,0,0,0,0,kwp_prog_copy_dest,0
0x805B20,0x805B3F,0,0,0,0,0,0,0,0,0,kwp_prog_copy_dest,0
0x805B40,0x805B5F,0,0,0,0,0,0,0,0,0,kwp_prog_copy_dest,0
0x805B60,0x805B7F,0,0,0,0,0,0,0,0,0,kwp_prog_copy_dest,0
0x805B80,0x805B9F,0,0,0,0,0,0,0,0,0,kwp_prog_copy_dest,0
0x805BA0,0x805BBF,0,0,0,0,0,0,0,0,0,kwp_prog_copy_dest,0
0x805BC0,0x805BDF,0,0,0,0,0,0,0,0,0,kwp_prog_copy_dest,0
0x805BE0,0x805BFF,0,0,0,0,0,0,0,0,0,kwp_prog_copy_dest,0
0x805C00,0x805C1F,0,0,0,0,0,0,0,0,0,kwp_prog_copy_dest,0
0x805C20,0x805C3F,0,0,0,0,0,0,0,0,0,kwp_prog_copy_dest,0
0x805C40,0x805C5F,0,0,0,0,0,0,0,0,0,kwp_prog_copy_dest,0
0x805C60,0x805C7F,0,0,0,0,0,0,0,0,0,kwp_prog_copy_dest,0
0x805C80,0x805C9F,0,0,0,0,0,0,0,0,0,kwp_prog_copy_dest,0
0x805CA0,0x805CBF,0,0,0,0,0,0,0,0,0,kwp_prog_copy_dest,0
0x805CC0,0x805CDF,0,0,0,0,0,0,0,0,0,kwp_prog_copy_dest,0
0x805CE0,0x805CFF,0,0,0,0,0,0,0,0,0,kwp_prog_copy_dest,0
0x805D00,0x805D1F,0,0,0,0,0,0,0,0,0,kwp_prog_copy_dest,0
0x805D20,0x805D3F,0,0,0,0,0,0,0,0,0,kwp_prog_copy_dest,0
0x805D40,0x805D5F,0,0,0,0,0,0,0,0,0,kwp_prog_copy_dest,0
0x805D60,0x805D7F,0,0,0,0,0,0,0,0,0,kwp_prog_copy_dest,0
0x805D80,0x805D9F,0,0,0,0,0,0,0,0,0,kwp_prog_copy_dest,0
0x805DA0,0x805DBF,0,0,0,0,0,0,0,0,0,kwp_prog_copy_dest,0
0x805DC0,0x805DDF,0,0,0,0,0,0,0,0,0,kwp_prog_copy_dest,0
0x805DE0,0x805DFF,0,0,0,0,0,0,0,0,0,kwp_prog_copy_dest,0
0x805E00,0x805E1F,0,0,0,0,0,0,0,0,0,kwp_prog_copy_dest,0
0x805E20,0x805E3F,0,0,0,0,0,0,0,0,0,kwp_prog_copy_dest,0
0x805E40,0x805E5F,0,0,0,0,0,0,0,0,0,kwp_prog_copy_dest,0
0x805E60,0x805E7F,0,0,0,0,0,0,0,0,0,kwp_prog_copy_dest,0
0x805E80,0x805E9F,0,0,0,0,0,0,0,0,0,kwp_prog_copy_dest,0
0x805EA0,0x805EBF,0,0,0,0,0,0,0,0,0,kwp_prog_copy_dest,0
0x805EC0,0x805EDF,0,0,0,0,0,0,0,0,0,kwp_prog_copy_dest,0
0x805EE0,0x805EFF,0,0,0,0,0,0,0,0,0,kwp_prog_copy_dest,0
0x805F00,0x805F1F,0,0,0,0,0,0,0,0,0,kwp_prog_copy_dest,0
0x805F20,0x805F3F,0,0,0,0,0,0,0,0,0,kwp_prog_copy_dest,0
0x805F40,0x805F5F,0,0,0,0,0,0,0,0,0,kwp_prog_copy_dest,0
0x805F60,0x805F7F,0,0,0,0,0,0,0,0,0,kwp_prog_copy_dest,0
0x805F80,0x805F9F,0,0,0,0,0,0,0,0,0,kwp_prog_copy_dest,0
0x805FA0,0x805FBF,0,0,0,0,0,0,0,0,0,kwp_prog_copy_dest,0
0x805FC0,0x805FDF,0,0,0,0,0,0,0,0,0,kwp_prog_copy_dest,0
0x805FE0,0x805FFF,0,0,0,0,0,0,0,0,0,kwp_prog_copy_dest,0
0x806000,0x80601F,0,0,0,0,0,0,0,0,0,kwp_prog_copy_dest,0
0x806020,0x80603F,0,0,0,0,0,0,0,0,0,kwp_prog_copy_dest,0
0x806040,0x80605F,0,0,0,0,0,0,0,0,0,kwp_prog_copy_dest,0
0x806060,0x80607F,0,0,0,0,0,0,0,0,0,kwp_prog_copy_dest,0
0x806080,0x80609F,0,0,0,0,0,0,0,0,0,kwp_prog_copy_dest,0
0x8060A0,0x8060BF,0,0,0,0,0,0,0,0,0,kwp_prog_copy_dest,0
0x8060C0,0x8060DF,0,0,0,0,0,0,0,0,0,kwp_prog_copy_dest,0
0x8060E0,0x8060FF,0,0,0,0,0,0,0,0,0,kwp_prog_copy_dest,0
0x806100,0x80611F,0,0,0,0,0,0,0,0,0,kwp_prog_copy_dest,0
0x806120,0x80613F,0,0,0,0,0,0,0,0,0,kwp_prog_copy_dest,0
0x806140,0x80615F,0,0,0,0,0,0,0,0,0,kwp_prog_copy_dest,0
0x806160,0x80617F,0,0,0,0,0,0,0,0,0,kwp_prog_copy_dest,0
0x806180,0x80619F,0,0,0,0,0,0,0,0,0,kwp_prog_copy_dest,0
0x8061A0,0x8061BF,0,0,0,0,0,0,0,0,0,kwp_prog_copy_dest,0
0x8061C0,0x8061DF,0,0,0,0,0,0,0,0,0,kwp_prog_copy_dest,0
0x8061E0,0x8061FF,0,0,0,0,0,0,0,0,0,kwp_prog_copy_dest,0
0x806200,0x80621F,0,0,0,0,0,0,0,0,0,kwp_prog_copy_dest,0
0x806220,0x80623F,0,0,0,0,0,0,0,0,0,kwp_prog_copy_dest,0
0x806240,0x80625F,0,0,0,0,0,0,0,0,0,kwp_prog_copy_dest,0
0x806260,0x80627F,0,0,0,0,0,0,0,0,0,kwp_prog_copy_dest,0
0x806280,0x80629F,0,0,0,0,0,0,0,0,0,kwp_prog_copy_dest,0
0x8062A0,0x8062BF,0,0,0,0,0,0,0,0,0,kwp_prog_copy_dest,0
0x8062C0,0x8062DF,0,0,0,0,0,0,0,0,0,kwp_prog_copy_dest,0
0x8062E0,0x8062FF,0,0,0,0,0,0,0,0,0,kwp_prog_copy_dest,0
0x806300,0x80631F,0,0,0,0,0,0,0,0,0,kwp_prog_copy_dest,0
0x806320,0x80633F,0,0,0,0,0,0,0,0,0,kwp_prog_copy_dest,0
0x806340,0x80635F,0,0,0,0,0,0,0,0,0,kwp_prog_copy_dest,0
0x806360,0x80637F,0,0,0,0,0,0,0,0,0,kwp_prog_copy_dest,0
0x806380,0x80639F,0,0,0,0,0,0,0,0,0,kwp_prog_copy_dest,0
0x8063A0,0x8063BF,0,0,0,0,0,0,0,0,0,kwp_prog_copy_dest,0
0x8063C0,0x8063DF,0,0,0,0,0,0,0,0,0,kwp_prog_copy_dest,0
0x8063E0,0x8063FF,0,0,0,0,0,0,0,0,0,kwp_prog_copy_dest,0
0x806400,0x80641F,0,0,0,0,0,0,0,0,0,kwp_prog_copy_dest,0
0x806420,0x80643F,0,0,0,0,0,0,0,0,0,kwp_prog_copy_dest,0
0x806440,0x80645F,0,0,0,0,0,0,0,0,0,kwp_prog_copy_dest,0
0x806460,0x80647F,0,0,0,0,0,0,0,0,0,kwp_prog_copy_dest,0
0x806480,0x80649F,0,0,0,0,0,0,0,0,0,kwp_prog_copy_dest,0
0x8064A0,0x8064BF,0,0,0,0,0,0,0,0,0,kwp_prog_copy_dest,0
0x8064C0,0x8064DF,0,0,0,0,0,0,0,0,0,kwp_prog_copy_dest,0
0x8064E0,0x8064FF,0,0,0,0,0,0,0,0,0,kwp_prog_copy_dest,0
0x806500,0x80651F,0,0,0,0,0,0,0,0,0,kwp_prog_copy_dest,0
0x806520,0x80653F,0,0,0,0,0,0,0,0,0,kwp_prog_copy_dest,0
0x806540,0x80655F,0,0,0,0,0,0,0,0,0,kwp_prog_copy_dest,0
0x806560,0x80657F,0,0,0,0,0,0,0,0,0,kwp_prog_copy_dest,0
0x806580,0x80659F,0,0,0,0,0,0,0,0,0,kwp_prog_copy_dest,0
0x8065A0,0x8065BF,0,0,0,0,0,0,0,0,0,kwp_prog_copy_dest,0
0x8065C0,0x8065DF,0,0,0,0,0,0,0,0,0,kwp_prog_copy_dest,0
0x8065E0,0x8065FF,0,0,0,0,0,0,0,0,0,kwp_prog_copy_dest,0
0x806600,0x80661F,0,0,0,0,0,0,0,0,0,kwp_prog_copy_dest,0
0x806620,0x80663F,0,0,0,0,0,0,0,0,0,kwp_prog_copy_dest,0
0x806640,0x80665F,0,0,0,0,0,0,0,0,0,kwp_prog_copy_dest,0
0x806660,0x80667F,0,0,0,0,0,0,0,0,0,kwp_prog_copy_dest,0
0x806680,0x80669F,0,0,0,0,0,0,0,0,0,kwp_prog_copy_dest,0
0x8066A0,0x8066BF,0,0,0,0,0,0,0,0,0,kwp_prog_copy_dest,0
0x8066C0,0x8066DF,0,0,0,0,0,0,0,0,0,kwp_prog_copy_dest,0
0x8066E0,0x8066FF,0,0,0,0,0,0,0,0,0,kwp_prog_copy_dest,0
0x806700,0x80671F,0,0,0,0,0,0,0,0,0,kwp_prog_copy_dest,0
0x806720,0x80673F,0,0,0,0,0,0,0,0,0,kwp_prog_copy_dest,0
0x806740,0x80675F,0,0,0,0,0,0,0,0,0,kwp_prog_copy_dest,0
0x806760,0x80677F,0,0,0,0,0,0,0,0,0,kwp_prog_copy_dest,0
0x806780,0x80679F,0,0,0,0,0,0,0,0,0,kwp_prog_copy_dest,0
0x8067A0,0x8067BF,0,0,0,0,0,0,0,0,0,kwp_prog_copy_dest,0
0x8067C0,0x8067DF,0,0,0,0,0,0,0,0,0,kwp_prog_copy_dest,0
0x8067E0,0x8067FF,0,0,0,0,0,0,0,0,0,kwp_prog_copy_dest,0
0x806800,0x80681F,0,0,0,0,0,0,0,0,0,kwp_prog_copy_dest,0
0x806820,0x80683F,0,0,0,0,0,0,0,0,0,kwp_prog_copy_dest,0
0x806840,0x80685F,0,0,0,0,0,0,0,0,0,kwp_prog_copy_dest,0
0x806860,0x80687F,0,0,0,0,0,0,0,0,0,kwp_prog_copy_dest,0
0x806880,0x80689F,0,0,0,0,0,0,0,0,0,kwp_prog_copy_dest,0
0x8068A0,0x8068BF,0,0,0,0,0,0,0,0,0,kwp_prog_copy_dest,0
0x8068C0,0x8068DF,0,0,0,0,0,0,0,0,0,kwp_prog_copy_dest,0
0x8068E0,0x8068FF,0,0,0,0,0,0,0,0,0,kwp_prog_copy_dest,0
0x806900,0x80691F,0,0,0,0,0,0,0,0,0,kwp_prog_copy_dest,0
0x806920,0x80693F,0,0,0,0,0,0,0,0,0,kwp_prog_copy_dest,0
0x806940,0x80695F,0,0,0,0,0,0,0,0,0,kwp_prog_copy_dest,0
0x806960,0x80697F,0,0,0,0,0,0,0,0,0,kwp_prog_copy_dest,0
0x806980,0x80699F,0,0,0,0,0,0,0,0,0,kwp_prog_copy_dest,0
0x8069A0,0x8069BF,0,0,0,0,0,0,0,0,0,kwp_prog_copy_dest,0
0x8069C0,0x8069DF,0,0,0,0,0,0,0,0,0,kwp_prog_copy_dest,0
0x8069E0,0x8069FF,0,0,0,0,0,0,0,0,0,kwp_prog_copy_dest,0
0x806A00,0x806A1F,0,0,0,0,0,0,0,0,0,kwp_prog_copy_dest,0
0x806A20,0x806A3F,0,0,0,0,0,0,0,0,0,kwp_prog_copy_dest,0
0x806A40,0x806A5F,0,0,0,0,0,0,0,0,0,kwp_prog_copy_dest,0
0x806A60,0x806A7F,0,0,0,0,0,0,0,0,0,kwp_prog_copy_dest,0
0x806A80,0x806A9F,0,0,0,0,0,0,0,0,0,kwp_prog_copy_dest,0
0x806AA0,0x806ABF,0,0,0,0,0,0,0,0,0,kwp_prog_copy_dest,0
0x806AC0,0x806ADF,0,0,0,0,0,0,0,0,0,kwp_prog_copy_dest,0
0x806AE0,0x806AFF,0,0,0,0,0,0,0,0,0,kwp_prog_copy_dest,0
0x806B00,0x806B1F,0,0,0,0,0,0,0,0,0,kwp_prog_copy_dest,0
0x806B20,0x806B3F,0,0,0,0,0,0,0,0,0,kwp_prog_copy_dest,0
0x806B40,0x806B5F,0,0,0,0,0,0,0,0,0,kwp_prog_copy_dest,0
0x806B60,0x806B7F,0,0,0,0,0,0,0,0,0,kwp_prog_copy_dest,0
0x806B80,0x806B9F,0,0,0,0,0,0,0,0,0,kwp_prog_copy_dest,0
0x806BA0,0x806BBF,0,0,0,0,0,0,0,0,0,kwp_prog_copy_dest,0
0x806BC0,0x806BDF,0,0,0,0,0,0,0,0,0,kwp_prog_copy_dest,0
0x806BE0,0x806BFF,0,0,0,0,0,0,0,0,0,kwp_prog_copy_dest,0
0x806C00,0x806C1F,0,0,0,0,0,0,0,0,0,kwp_prog_copy_dest,0
0x806C20,0x806C3F,0,0,0,0,0,0,0,0,0,kwp_prog_copy_dest,0
0x806C40,0x806C5F,0,0,0,0,0,0,0,0,0,kwp_prog_copy_dest,0
0x806C60,0x806C7F,0,0,0,0,0,0,0,0,0,kwp_prog_copy_dest,0
0x806C80,0x806C9F,0,0,0,0,0,0,0,0,0,kwp_prog_copy_dest,0
0x806CA0,0x806CBF,0,0,0,0,0,0,0,0,0,kwp_prog_copy_dest,0
0x806CC0,0x806CDF,0,0,0,0,0,0,0,0,0,kwp_prog_copy_dest,0
0x806CE0,0x806CFF,0,0,0,0,0,0,0,0,0,kwp_prog_copy_dest,0
0x806D00,0x806D1F,0,0,0,0,0,0,0,0,0,kwp_prog_copy_dest,0
0x806D20,0x806D3F,0,0,0,0,0,0,0,0,0,kwp_prog_copy_dest,0
0x806D40,0x806D5F,0,0,0,0,0,0,0,0,0,kwp_prog_copy_dest,0
0x806D60,0x806D7F,0,0,0,0,0,0,0,0,0,kwp_prog_copy_dest,0
0x806D80,0x806D9F,0,0,0,0,0,0,0,0,0,kwp_prog_copy_dest,0
0x806DA0,0x806DBF,0,0,0,0,0,0,0,0,0,kwp_prog_copy_dest,0
0x806DC0,0x806DDF,0,0,0,0,0,0,0,0,0,kwp_prog_copy_dest,0
0x806DE0,0x806DFF,0,0,0,0,0,0,0,0,0,kwp_prog_copy_dest,0
0x806E00,0x806E1F,0,0,0,0,0,0,0,0,0,kwp_prog_copy_dest,0
0x806E20,0x806E3F,0,0,0,0,0,0,0,0,0,kwp_prog_copy_dest,0
0x806E40,0x806E5F,0,0,0,0,0,0,0,0,0,kwp_prog_copy_dest,0
0x806E60,0x806E7F,0,0,0,0,0,0,0,0,0,kwp_prog_copy_dest,0
0x806E80,0x806E9F,0,0,0,0,0,0,0,0,0,kwp_prog_copy_dest,0
0x806EA0,0x806EBF,0,0,0,0,0,0,0,0,0,kwp_prog_copy_dest,0
0x806EC0,0x806EDF,0,0,0,0,0,0,0,0,0,kwp_prog_copy_dest,0
0x806EE0,0x806EFF,0,0,0,0,0,0,0,0,0,kwp_prog_copy_dest,0
0x806F00,0x806F1F,0,0,0,0,0,0,0,0,0,kwp_prog_copy_dest,0
0x806F20,0x806F3F,0,0,0,0,0,0,0,0,0,kwp_prog_copy_dest,0
0x806F40,0x806F5F,0,0,0,0,0,0,0,0,0,kwp_prog_copy_dest,0
0x806F60,0x806F7F,0,0,0,0,0,0,0,0,0,kwp_prog_copy_dest,0
0x806F80,0x806F9F,0,0,0,0,0,0,0,0,0,kwp_prog_copy_dest,0
0x806FA0,0x806FBF,0,0,0,0,0,0,0,0,0,kwp_prog_copy_dest,0
0x806FC0,0x806FDF,0,0,0,0,0,0,0,0,0,kwp_prog_copy_dest,0
0x806FE0,0x806FFF,0,0,0,0,0,0,0,0,0,kwp_prog_copy_dest,0
0x807000,0x80701F,0,0,0,0,0,0,0,0,0,kwp_prog_copy_dest,0
0x807020,0x80703F,0,0,0,0,0,0,0,0,0,kwp_prog_copy_dest,0
0x807040,0x80705F,0,0,0,0,0,0,0,0,0,kwp_prog_copy_dest,0
0x807060,0x80707F,0,0,0,0,0,0,0,0,0,kwp_prog_copy_dest,0
0x807080,0x80709F,0,0,0,0,0,0,0,0,0,kwp_prog_copy_dest,0
0x8070A0,0x8070BF,0,0,0,0,0,0,0,0,0,kwp_prog_copy_dest,0
0x8070C0,0x8070DF,0,0,0,0,0,0,0,0,0,kwp_prog_copy_dest,0
0x8070E0,0x8070FF,2,0,0,0,0,0,0,0,0,kwp_prog_copy_dest,0
0x807100,0x80711F,0,0,0,0,0,0,0,0,0,kwp_prog_copy_dest,0
0x807120,0x80713F,0,0,0,0,0,0,0,0,0,kwp_prog_copy_dest,0
0x807140,0x80715F,0,0,0,0,0,0,0,0,0,kwp_prog_copy_dest,0
0x807160,0x80717F,0,0,0,0,0,0,0,0,0,kwp_prog_copy_dest,0
0x807180,0x80719F,0,0,0,0,0,0,0,0,0,kwp_prog_copy_dest,0
0x8071A0,0x8071BF,0,0,0,0,0,0,0,0,0,kwp_prog_copy_dest,0
0x8071C0,0x8071DF,0,0,0,0,0,0,0,0,0,kwp_prog_copy_dest,0
0x8071E0,0x8071FF,0,0,0,0,0,0,0,0,0,kwp_prog_copy_dest,0
0x807200,0x80721F,0,0,0,0,0,0,0,0,0,kwp_prog_copy_dest,0
0x807220,0x80723F,0,0,0,0,0,0,0,0,0,kwp_prog_copy_dest,0
0x807240,0x80725F,0,0,0,0,0,0,0,0,0,kwp_prog_copy_dest,0
0x807260,0x80727F,0,0,0,0,0,0,0,0,0,kwp_prog_copy_dest,0
0x807280,0x80729F,0,0,0,0,0,0,0,0,0,kwp_prog_copy_dest,0
0x8072A0,0x8072BF,0,0,0,0,0,0,0,0,0,kwp_prog_copy_dest,0
0x8072C0,0x8072DF,0,0,0,0,0,0,0,0,0,kwp_prog_copy_dest,0
0x8072E0,0x8072FF,0,0,0,0,0,0,0,0,0,kwp_prog_copy_dest,0
0x807300,0x80731F,0,0,0,0,0,0,0,0,0,kwp_prog_copy_dest,0
0x807320,0x80733F,0,0,0,0,0,0,0,0,0,kwp_prog_copy_dest,0
0x807340,0x80735F,0,0,0,0,0,0,0,0,0,kwp_prog_copy_dest,0
0x807360,0x80737F,0,0,0,0,0,0,0,0,0,kwp_prog_copy_dest,0
0x807380,0x80739F,0,0,0,0,0,0,0,0,0,kwp_prog_copy_dest,0
0x8073A0,0x8073BF,0,0,0,0,0,0,0,0,0,kwp_prog_copy_dest,0
0x8073C0,0x8073DF,0,0,0,0,0,0,0,0,0,kwp_prog_copy_dest,0
0x8073E0,0x8073FF,0,0,0,0,0,0,0,0,0,kwp_prog_copy_dest,0
0x807400,0x80741F,0,0,0,0,0,0,0,0,0,kwp_prog_copy_dest,0
0x807420,0x80743F,0,0,0,0,0,0,0,0,0,kwp_prog_copy_dest,0
0x807440,0x80745F,0,0,0,0,0,0,0,0,0,kwp_prog_copy_dest,0
0x807460,0x80747F,0,0,0,0,0,0,0,0,0,kwp_prog_copy_dest,0
0x807480,0x80749F,0,0,0,0,0,0,0,0,0,kwp_prog_copy_dest,0
0x8074A0,0x8074BF,0,0,0,0,0,0,0,0,0,kwp_prog_copy_dest,0
0x8074C0,0x8074DF,0,0,0,0,0,0,0,0,0,kwp_prog_copy_dest,0
0x8074E0,0x8074FF,0,0,0,0,0,0,0,0,0,kwp_prog_copy_dest,0
0x807500,0x80751F,0,0,0,0,0,0,0,0,0,kwp_prog_copy_dest,0
0x807520,0x80753F,0,0,0,0,0,0,0,0,0,kwp_prog_copy_dest,0
0x807540,0x80755F,0,0,0,0,0,0,0,0,0,kwp_prog_copy_dest,0
0x807560,0x80757F,0,0,0,0,0,0,0,0,0,kwp_prog_copy_dest,0
0x807580,0x80759F,0,0,0,0,0,0,0,0,0,kwp_prog_copy_dest,0
0x8075A0,0x8075BF,0,0,0,0,0,0,0,0,0,kwp_prog_copy_dest,0
0x8075C0,0x8075DF,0,0,0,0,0,0,0,0,0,kwp_prog_copy_dest,0
0x8075E0,0x8075FF,0,0,0,0,0,0,0,0,0,kwp_prog_copy_dest,0
0x807600,0x80761F,0,0,0,0,0,0,0,0,0,kwp_prog_copy_dest,0
0x807620,0x80763F,0,0,0,0,0,0,0,0,0,kwp_prog_copy_dest,0
0x807640,0x80765F,0,0,0,0,0,0,0,0,0,kwp_prog_copy_dest,0
0x807660,0x80767F,0,0,0,0,0,0,0,0,0,kwp_prog_copy_dest,0
0x807680,0x80769F,0,0,0,0,0,0,0,0,0,kwp_prog_copy_dest,0
0x8076A0,0x8076BF,0,0,0,0,0,0,0,0,0,kwp_prog_copy_dest,0
0x8076C0,0x8076DF,0,0,0,0,0,0,0,0,0,kwp_prog_copy_dest,0
0x8076E0,0x8076FF,0,0,0,0,0,0,0,0,0,kwp_prog_copy_dest,0
0x807700,0x80771F,0,0,0,0,0,0,0,0,0,kwp_prog_copy_dest,0
0x807720,0x80773F,0,0,0,0,0,0,0,0,0,kwp_prog_copy_dest,0
0x807740,0x80775F,0,0,0,0,0,0,0,0,0,kwp_prog_copy_dest,0
0x807760,0x80777F,0,0,0,0,0,0,0,0,0,kwp_prog_copy_dest,0
0x807780,0x80779F,0,0,0,0,0,0,0,0,0,kwp_prog_copy_dest,0
0x8077A0,0x8077BF,0,0,0,0,0,0,0,0,0,kwp_prog_copy_dest,0
0x8077C0,0x8077DF,0,0,0,0,0,0,0,0,0,kwp_prog_copy_dest,0
0x8077E0,0x8077FF,0,0,0,0,0,0,0,0,0,kwp_prog_copy_dest,0
0x807800,0x80781F,0,0,0,0,0,0,0,0,0,kwp_prog_copy_dest,0
0x807820,0x80783F,0,0,0,0,0,0,0,0,0,kwp_prog_copy_dest,0
0x807840,0x80785F,0,0,0,0,0,0,0,0,0,kwp_prog_copy_dest,0
0x807860,0x80787F,0,0,0,0,0,0,0,0,0,kwp_prog_copy_dest,0
0x807880,0x80789F,0,0,0,0,0,0,0,0,0,kwp_prog_copy_dest,0
0x8078A0,0x8078BF,0,0,0,0,0,0,0,0,0,kwp_prog_copy_dest,0
0x8078C0,0x8078DF,0,0,0,0,0,0,0,0,0,kwp_prog_copy_dest,0
0x8078E0,0x8078FF,0,0,0,0,0,0,0,0,0,kwp_prog_copy_dest,0
0x807900,0x80791F,0,0,0,0,0,0,0,0,0,kwp_prog_copy_dest,0
0x807920,0x80793F,0,0,0,0,0,0,0,0,0,kwp_prog_copy_dest,0
0x807940,0x80795F,0,0,0,0,0,0,0,0,0,kwp_prog_copy_dest,0
0x807960,0x80797F,0,0,0,0,0,0,0,0,0,kwp_prog_copy_dest,0
0x807980,0x80799F,0,0,0,0,0,0,0,1,0,kwp_prog_copy_dest,0
0x8079A0,0x8079BF,0,0,0,0,0,0,0,0,0,kwp_prog_copy_dest,0
0x8079C0,0x8079DF,0,0,0,0,0,0,0,0,0,kwp_prog_copy_dest,0
0x8079E0,0x8079FF,0,0,0,0,0,0,0,0,0,kwp_prog_copy_dest,0
0x807A00,0x807A1F,0,0,0,0,0,0,0,0,0,kwp_prog_copy_dest,0
0x807A20,0x807A3F,0,0,0,0,0,0,0,0,0,kwp_prog_copy_dest,0
0x807A40,0x807A5F,0,0,0,0,0,0,0,0,0,kwp_prog_copy_dest,0
0x807A60,0x807A7F,0,0,0,0,0,0,0,0,0,kwp_prog_copy_dest,0
0x807A80,0x807A9F,0,0,0,0,0,0,0,0,0,kwp_prog_copy_dest,0
0x807AA0,0x807ABF,0,0,0,0,0,0,0,0,0,kwp_prog_copy_dest,0
0x807AC0,0x807ADF,0,0,0,0,0,0,0,0,0,kwp_prog_copy_dest,0
0x807AE0,0x807AFF,0,0,0,0,0,0,0,0,0,kwp_prog_copy_dest,0
0x807B00,0x807B1F,0,0,0,0,0,0,0,0,0,kwp_prog_copy_dest,0
0x807B20,0x807B3F,0,0,0,0,0,0,0,0,0,kwp_prog_copy_dest,0
0x807B40,0x807B5F,0,0,0,0,0,0,0,0,0,kwp_prog_copy_dest,0
0x807B60,0x807B7F,0,0,0,0,0,0,0,0,0,kwp_prog_copy_dest,0
0x807B80,0x807B9F,0,0,0,0,0,0,0,0,0,kwp_prog_copy_dest,0
0x807BA0,0x807BBF,0,0,0,0,0,0,0,0,0,kwp_prog_copy_dest,0
0x807BC0,0x807BDF,0,0,0,0,0,0,0,0,0,kwp_prog_copy_dest,0
0x807BE0,0x807BFF,0,0,0,0,0,0,0,0,0,kwp_prog_copy_dest,0
0x807C00,0x807C1F,0,0,0,0,0,0,0,0,0,kwp_prog_copy_dest,0
0x807C20,0x807C3F,0,0,0,0,0,0,0,0,0,kwp_prog_copy_dest,0
0x807C40,0x807C5F,0,0,0,0,0,0,0,0,0,kwp_prog_copy_dest,0
0x807C60,0x807C7F,0,0,0,0,0,0,0,0,0,kwp_prog_copy_dest,0
0x807C80,0x807C9F,0,0,0,0,0,0,0,0,0,kwp_prog_copy_dest,0
0x807CA0,0x807CBF,0,7,0,0,0,0,0,0,0,kwp_prog_copy_dest,0
0x807CC0,0x807CDF,0,1,0,0,0,0,0,0,0,kwp_prog_copy_dest,0
0x807CE0,0x807CFF,0,0,0,0,0,0,0,0,0,kwp_prog_copy_dest,0
0x807D00,0x807D1F,0,0,0,0,0,0,0,0,0,kwp_prog_copy_dest,0
0x807D20,0x807D3F,0,0,0,0,0,0,0,0,0,kwp_prog_copy_dest,0
0x807D40,0x807D5F,0,0,0,0,0,0,0,0,0,kwp_prog_copy_dest,0
0x807D60,0x807D7F,0,0,0,0,0,0,1,0,0,kwp_prog_copy_dest,0
0x807D80,0x807D9F,0,0,0,0,0,0,0,0,0,kwp_prog_copy_dest,0
0x807DA0,0x807DBF,0,0,0,0,0,0,0,0,0,kwp_prog_copy_dest,0
0x807DC0,0x807DDF,0,0,0,0,0,0,0,0,0,kwp_prog_copy_dest,0
0x807DE0,0x807DFF,0,0,0,0,0,0,0,0,0,kwp_prog_copy_dest,0
0x807E00,0x807E1F,0,0,0,0,0,0,0,0,0,kwp_prog_copy_dest,0
0x807E20,0x807E3F,0,0,0,0,0,0,0,0,0,kwp_prog_copy_dest,0
0x807E40,0x807E5F,0,0,0,0,0,0,0,0,0,kwp_prog_copy_dest,0
0x807E60,0x807E7F,0,0,0,0,0,0,0,0,0,kwp_prog_copy_dest,0
0x807E80,0x807E9F,0,0,0,0,0,0,0,0,0,kwp_prog_copy_dest,0
0x807EA0,0x807EBF,0,0,0,0,0,0,0,0,0,kwp_prog_copy_dest,0
0x807EC0,0x807EDF,0,0,0,0,0,0,0,0,0,kwp_prog_copy_dest,0
0x807EE0,0x807EFF,0,0,0,0,0,0,0,0,0,kwp_prog_copy_dest,0
0x807F00,0x807F1F,0,0,0,0,0,0,0,0,0,kwp_prog_copy_dest,0
0x807F20,0x807F3F,0,0,0,0,0,0,0,0,0,kwp_prog_copy_dest,0
0x807F40,0x807F5F,0,0,0,0,0,0,0,0,0,kwp_prog_copy_dest,0
0x807F60,0x807F7F,0,0,0,0,0,0,0,0,0,kwp_prog_copy_dest,0
0x807F80,0x807F9F,0,0,0,0,0,0,0,0,0,kwp_prog_copy_dest,0
0x807FA0,0x807FBF,0,0,0,0,0,0,0,0,0,kwp_prog_copy_dest,0
0x807FC0,0x807FDF,0,0,0,0,0,0,0,0,0,kwp_prog_copy_dest,0
0x807FE0,0x807FFF,0,0,0,0,0,0,1,1,0,kwp_prog_copy_dest,0
